polygon_id,crown_id,polygon_area_m2,complexity_ratio,early_excluded,path_method,fallback_triggered,diagnostic_reason,H,h_over_l,L_2d,L_3d,a_obs_deg,outside_mask_steps,outside_mask_len_2d,outside_mask_len_3d,outside_mask_fraction_2d,outside_mask_fraction_3d,max_consecutive_outside_steps,tortuosity_2d,qc_flag,qc_reason
77,77_C1,152255.984620879,1.0050932392403404,True,,False,early_excluded_complex_or_small_polygon,,,,,,,,,,,,,BAD,complexity_ratio_exceeds_threshold;early_excluded_complex_or_small_polygon
78,78_C1,17426.83098147298,0.9275677105340258,False,,False,no_contour_chain,89.09927338101704,,,,,0,0.0,0.0,0.0,0.0,0,,BAD,L<=0;nan_inf;no_contour_chain
79,79_C1,5766.568274031108,0.8645543682436466,False,contour_midpoint,False,OK,75.76900052380046,0.3851906298207084,180.6171986253933,196.70520167914793,21.06621730311952,0,0.0,0.0,0.0,0.0,0,1.0874393217008267,OK,OK
80,80_C1,8368.723988250262,1.3469856833998943,True,,False,early_excluded_complex_or_small_polygon,,,,,,,,,,,,,BAD,complexity_ratio_exceeds_threshold;early_excluded_complex_or_small_polygon
81,81_C1,28358.632831172417,0.8962920103594162,False,contour_midpoint,False,OK,172.055871710401,0.502842073947129,286.1774219756844,342.1668166305664,26.69517409930909,0,0.0,0.0,0.0,0.0,0,1.4352516169533438,OK,OK
82,82_C1,717.1791653351545,0.8647971984345312,False,contour_midpoint,False,OK,46.311431884765625,0.6305839668263251,55.88132176974799,73.44213351609157,32.23487362023198,0,0.0,0.0,0.0,0.0,0,1.034672197593846,BAD,out_of_bounds
83,83_C1,10685.928784916861,0.8731245991723057,False,contour_midpoint,False,OK,185.55643756449876,0.6269442700085788,225.1771028876679,295.96958843241316,32.08541997937896,0,0.0,0.0,0.0,0.0,0,1.1766690306639116,BAD,out_of_bounds
84,84_C1,4407.220615643884,0.8968720754812539,False,contour_midpoint,False,OK,136.1066789388393,0.6781520066902087,145.48320445973485,200.7023168789577,34.1432368539907,0,0.0,0.0,0.0,0.0,0,1.0622017798102985,BAD,out_of_bounds
85,85_C1,5127.827412874706,0.9292573630938892,False,contour_midpoint,False,OK,144.66144702761073,0.6699224332312393,157.09930746550276,215.93760688064236,33.81901778158393,0,0.0,0.0,0.0,0.0,0,1.0918695711139097,BAD,out_of_bounds
86,86_C1,2073.876426132121,0.9022513319617169,False,contour_midpoint,False,OK,62.27912518127425,0.5301191384113102,98.22679938525351,117.48137478664837,27.928918617973473,0,0.0,0.0,0.0,0.0,0,1.17403622646695,OK,OK
87,87_C1,7974.5761858178785,0.8933504122186133,False,contour_midpoint,False,OK,174.754831295671,0.6131852937851828,220.04607880815513,284.99514431749054,31.51601336220818,0,0.0,0.0,0.0,0.0,0,1.1112902856280649,OK,OK
88,88_C1,4142.4193658583235,0.8748936272307525,False,contour_midpoint,False,OK,137.57546624860208,0.6250294835881074,170.7453970980485,220.1103625685343,32.0065979588457,0,0.0,0.0,0.0,0.0,0,1.0474219241829563,BAD,out_of_bounds
89,89_C1,6510.484803876741,0.84211758339961,False,contour_midpoint,False,OK,147.03571076686694,0.6038325483418702,192.74420421774332,243.50411578612048,31.12494594803947,0,0.0,0.0,0.0,0.0,0,1.1096560890858536,OK,OK
90,90_C1,15514.884821213187,0.8392085550341057,False,contour_midpoint,False,OK,160.53651855261433,0.5911901758988721,212.53884563177343,271.5480146613184,30.59116232800847,0,0.0,0.0,0.0,0.0,0,1.1630991172526455,OK,OK
91,91_C1,11238.508939587178,0.8585242351243219,False,contour_midpoint,False,OK,186.80020614886928,0.5929150134016973,251.28144202337097,315.05393172143033,30.664338179372717,0,0.0,0.0,0.0,0.0,0,1.1769544871879187,OK,OK
92,92_C1,11379.60897647698,0.8448926379533896,False,contour_midpoint,False,OK,184.95798499760542,0.6398120474720987,220.82572085745997,289.0817478795148,32.61160274373412,0,0.0,0.0,0.0,0.0,0,1.048457755090594,BAD,out_of_bounds
93,93_C1,4008.6183644263083,0.9104660974150355,False,contour_midpoint,False,OK,124.49332563922303,0.600495058389612,162.4158846881497,207.31781868960778,30.98460841541555,0,0.0,0.0,0.0,0.0,0,1.1099910465112666,OK,OK
94,94_C1,16672.3897340677,0.8644391332359862,False,contour_midpoint,False,OK,142.92849407814617,0.6512769207893189,162.7990043221035,219.45886537008428,33.07526965681936,0,0.0,0.0,0.0,0.0,0,1.1353543470074936,BAD,out_of_bounds
95,95_C1,15320.26682558559,0.9002482838867493,False,contour_midpoint,False,OK,132.64578180467709,0.33784639857443843,368.6118023412677,392.6215651976262,18.667354519850743,0,0.0,0.0,0.0,0.0,0,1.0510427169130616,OK,OK
96,96_C1,43234.136771597354,1.3784153371719425,True,,False,early_excluded_complex_or_small_polygon,,,,,,,,,,,,,BAD,complexity_ratio_exceeds_threshold;early_excluded_complex_or_small_polygon
97,97_C1,4143.756269071388,0.8352941254189784,False,contour_midpoint,False,OK,61.884735107421875,0.4731966593150867,112.40044024031322,130.78016061439433,25.32335625368526,0,0.0,0.0,0.0,0.0,0,1.2850596749016296,OK,OK
98,98_C1,27151.330083351157,0.8966751302515226,False,,False,no_contour_chain,185.3793305783695,,,,,0,0.0,0.0,0.0,0.0,0,,BAD,L<=0;nan_inf;no_contour_chain
99,99_C1,27483.36804814134,0.8744061948926098,False,contour_midpoint,False,OK,217.6623744413929,0.43051851168931493,436.59611627257385,505.58191699424447,23.292772697974392,0,0.0,0.0,0.0,0.0,0,1.1127634058762952,OK,OK
100,100_C1,1316.644743415003,0.8490949335936749,False,contour_midpoint,False,OK,41.018798828125,0.4959861179143208,70.85816468159882,82.7015058417639,26.380773140969428,0,0.0,0.0,0.0,0.0,0,1.091249632454855,OK,OK
101,101_C1,5024.427019759102,0.8650344677087561,False,contour_midpoint,False,OK,51.141432632679425,0.3402986109192577,141.06729786968344,150.28398880186347,18.793368098804937,0,0.0,0.0,0.0,0.0,0,1.0819069267593031,OK,OK
102,102_C1,2711.640206349585,0.9124547115582855,False,contour_midpoint,False,OK,34.83211331691177,0.2871215453904943,115.71583716788253,121.31487126658854,16.01991291283896,0,0.0,0.0,0.0,0.0,0,1.0943090121262484,OK,OK
103,103_C1,10728.999996430945,0.9308672657301699,False,,False,no_contour_chain,90.8641223267282,,,,,0,0.0,0.0,0.0,0.0,0,,BAD,L<=0;nan_inf;no_contour_chain
104,104_C1,1460.7466562039888,0.9274980125486247,False,contour_midpoint,False,OK,52.85636901855469,0.5879298119556818,71.61303616269753,89.90251547669266,30.452539789254992,0,0.0,0.0,0.0,0.0,0,1.146318666422151,OK,OK
105,105_C1,1476.197380920494,0.8893110796063247,False,contour_midpoint,False,OK,51.19987487792969,0.5346482142241735,78.656142475653,95.76366948541234,28.13110838125338,0,0.0,0.0,0.0,0.0,0,1.197380485627582,OK,OK
106,106_C1,6002.552118093616,0.8385095182198132,False,contour_midpoint,False,OK,124.32751449742898,0.610453058889142,159.5949236722263,203.6643320678434,31.402105956032536,0,0.0,0.0,0.0,0.0,0,1.246381093439938,OK,OK
107,107_C1,5276.653933000497,0.8960403210058665,False,,False,no_contour_chain,79.17912420308517,,,,,0,0.0,0.0,0.0,0.0,0,,BAD,L<=0;nan_inf;no_contour_chain
108,108_C1,10498.936873964964,0.8997089644970753,False,,False,no_contour_chain,86.7096212265867,,,,,0,0.0,0.0,0.0,0.0,0,,BAD,L<=0;nan_inf;no_contour_chain
109,109_C1,4653.6986527362415,0.86904753599583,False,contour_midpoint,False,OK,91.15930119837003,0.5690030361878028,130.71769617190637,160.2088133116435,29.64000762656525,0,0.0,0.0,0.0,0.0,0,1.2056560544004822,OK,OK
110,110_C1,4785.715293491791,0.8510354982284409,False,contour_midpoint,False,OK,84.91324371342807,0.523365360237463,136.0313964781008,162.24467678736124,27.62600218813783,0,0.0,0.0,0.0,0.0,0,1.192041474620148,OK,OK
111,111_C1,1156.824747754196,0.8211775322249555,False,contour_midpoint,False,OK,32.692047119140625,0.537926933411966,50.796089356628826,60.7741406658732,28.277004716581473,0,0.0,0.0,0.0,0.0,0,1.2170053841802402,OK,OK
112,112_C1,3297.1766880877185,0.9802036720271872,False,contour_midpoint,False,OK,62.590068111684104,0.4933162018246118,107.11355208416599,126.87616559153005,26.257870116684863,0,0.0,0.0,0.0,0.0,0,1.3450742453670188,OK,OK
113,113_C1,3040.298757671667,0.8514260856323316,False,contour_midpoint,False,OK,113.03589948894796,0.6092216428099941,145.07708407718295,185.5415033641573,31.35067738054933,0,0.0,0.0,0.0,0.0,0,1.0891984139620354,OK,OK
114,114_C1,3817.5173094471047,0.856525913668361,False,contour_midpoint,False,OK,80.5283453058579,0.547585212851649,122.17621448398978,147.06084718119394,28.704461169481597,0,0.0,0.0,0.0,0.0,0,1.106827370947783,OK,OK
115,115_C1,5462.34420413238,0.8507666316793923,False,contour_midpoint,False,OK,74.22348867031201,0.5672196267690274,106.58056535600672,130.85493725437664,29.56275811238207,0,0.0,0.0,0.0,0.0,0,1.0993857199824872,OK,OK
116,116_C1,15592.151467108934,0.9803058553507247,False,,False,no_contour_chain,114.25983042848065,,,,,0,0.0,0.0,0.0,0.0,0,,BAD,L<=0;nan_inf;no_contour_chain
117,117_C1,4974.507781773537,0.8887474942489749,False,contour_midpoint,False,OK,41.18775926987303,0.30658443676011077,125.82373139721336,134.34393377932844,17.044724442142993,0,0.0,0.0,0.0,0.0,0,1.2212839180760475,OK,OK
118,118_C1,650.7733897714669,0.8268680464397145,False,contour_midpoint,False,OK,15.48016357421875,0.3615076580944494,39.70538494307957,42.821122119007285,19.875311295144805,0,0.0,0.0,0.0,0.0,0,1.1965758893175846,OK,OK
119,119_C1,1632.02004144929,0.8863460159835591,False,contour_midpoint,False,OK,35.8590087890625,0.4738610227271525,66.29419238376303,75.67410499957914,25.35444945745218,0,0.0,0.0,0.0,0.0,0,1.1684683646446565,OK,OK
120,120_C1,1416.7405164476934,1.0268992879802874,True,,False,early_excluded_complex_or_small_polygon,,,,,,,,,,,,,BAD,complexity_ratio_exceeds_threshold;early_excluded_complex_or_small_polygon
121,121_C1,483.8631226974182,0.9090523818650851,False,contour_midpoint,False,OK,27.865997314453125,0.5036693021401137,47.346547951849104,55.32597916142445,26.732992625355653,0,0.0,0.0,0.0,0.0,0,1.0365768630307384,OK,OK
122,122_C1,10160.990806899557,0.9156667290176587,False,,False,no_contour_chain,87.6669240286368,,,,,0,0.0,0.0,0.0,0.0,0,,BAD,L<=0;nan_inf;no_contour_chain
123,123_C1,1593.9072374949087,0.8086795024474325,False,contour_midpoint,False,tortuosity_excess_contour,12.96612548828125,0.28953901108503044,42.35413535856281,44.78196371429002,16.14779228287239,0,0.0,0.0,0.0,0.0,0,1.5775478895579476,OK,OK
124,124_C1,3102.540909643943,0.8698515162813706,False,contour_midpoint,False,OK,36.462240103231466,0.3365757514073962,100.21427178343603,108.3329382784235,18.601985052804867,0,0.0,0.0,0.0,0.0,0,1.1377367836961998,OK,OK
125,125_C1,2278.60265073122,0.84622165430362,False,contour_midpoint,False,OK,45.69949043713814,0.4527791242979659,88.85534995508458,100.93108976257508,24.360025052077727,0,0.0,0.0,0.0,0.0,0,1.1829317227965366,OK,OK
126,126_C1,2014.5724586352114,1.0277462069239078,True,,False,early_excluded_complex_or_small_polygon,,,,,,,,,,,,,BAD,complexity_ratio_exceeds_threshold;early_excluded_complex_or_small_polygon
127,127_C1,703.092876627853,0.9312860630522328,False,contour_midpoint,False,OK,23.836273193359375,0.36282513546349093,60.20651670923003,65.69631170373499,19.94204419539426,0,0.0,0.0,0.0,0.0,0,1.2568205889537623,OK,OK
128,128_C1,4561.4961305496445,0.9136634577689796,False,contour_midpoint,False,OK,126.56153527068557,0.594187814571495,169.04514458560755,212.99921029507613,30.71826553170357,0,0.0,0.0,0.0,0.0,0,1.0672535101324783,OK,OK
129,129_C1,30375.09788867005,0.9864279363753978,False,contour_midpoint,False,OK,231.71492554535473,0.2756478698408183,790.161674772126,840.6193223229548,15.410755890846504,0,0.0,0.0,0.0,0.0,0,1.2769963391912302,OK,OK
130,130_C1,1346.8961806776572,1.0936663393335253,True,,False,early_excluded_complex_or_small_polygon,,,,,,,,,,,,,BAD,complexity_ratio_exceeds_threshold;early_excluded_complex_or_small_polygon
131,131_C1,718.2388193687649,0.8245359310771282,False,contour_midpoint,False,OK,6.141693115234375,0.16586595694726897,36.50552030073176,37.02805101342708,9.417679059530851,0,0.0,0.0,0.0,0.0,0,1.2971269466350182,OK,OK
132,132_C1,1672.5072917210052,0.918447651139357,False,contour_midpoint,False,tortuosity_adjusted,23.831695556640625,0.41338578347222543,52.292793345299444,57.6500124326163,22.459505622658593,0,0.0,0.0,0.0,0.0,0,1.2856840363518915,OK,OK
133,133_C1,2688.6087725465095,0.9424385522213836,False,,False,no_contour_chain,56.968930586876354,,,,,0,0.0,0.0,0.0,0.0,0,,BAD,L<=0;nan_inf;no_contour_chain
134,134_C1,1872.6714571915863,0.9008942277312202,False,contour_midpoint,False,tortuosity_adjusted;tortuosity_excess_contour,36.35061417163308,0.3121367687276012,105.81441214604033,116.45732836862908,17.335062624694018,0,0.0,0.0,0.0,0.0,0,1.6821482627040631,OK,OK
135,135_C1,2247.4177829204236,0.9395013392230522,False,contour_midpoint,False,OK,95.03929249496241,0.6097208086533541,120.40948759260175,155.873460682552,31.37153121278474,0,0.0,0.0,0.0,0.0,0,1.0531012209668826,OK,OK
136,136_C1,1846.0212594441725,0.8834650718627293,False,contour_midpoint,False,OK,27.16613342404196,0.3088900264373275,82.92752708836068,87.94759007718838,17.16539700714536,0,0.0,0.0,0.0,0.0,0,1.4467157021439516,OK,OK
137,137_C1,42853.94147678991,1.0958754356902258,True,,False,early_excluded_complex_or_small_polygon,,,,,,,,,,,,,BAD,complexity_ratio_exceeds_threshold;early_excluded_complex_or_small_polygon
138,138_C1,7819.530264775028,0.9107126123529613,False,contour_midpoint,False,OK,125.32482285938988,0.5018940058649778,210.09769133562338,249.70376492821762,26.651800223408816,0,0.0,0.0,0.0,0.0,0,1.1758799055959643,OK,OK
139,139_C1,439.8468920660311,0.8390569683725752,False,contour_midpoint,False,OK,24.35009765625,0.5233750636705908,38.90919323410497,46.525139133445236,27.626438610633276,0,0.0,0.0,0.0,0.0,0,1.112821260149494,OK,OK
140,140_C1,1050.913666005336,0.8910141017463183,False,contour_midpoint,False,OK,19.744659423828125,0.42104231816068977,41.942014783985016,46.894714788010035,22.83315224562567,0,0.0,0.0,0.0,0.0,0,1.3686889586743503,OK,OK
141,141_C1,1190.453254539719,0.9379520157982357,False,contour_midpoint,False,OK,29.47833251953125,0.41323767648119963,64.30626110665956,71.33505533799597,22.452257832424646,0,0.0,0.0,0.0,0.0,0,1.2483823562492458,OK,OK
142,142_C1,628.5792672473483,0.8140602589542915,False,contour_midpoint,False,OK,16.3685302734375,0.45433179849140776,31.957224974921424,36.027701181798435,24.433808536418233,0,0.0,0.0,0.0,0.0,0,1.1101297802429384,OK,OK
143,143_C1,1484.9020621559853,0.9044988963789659,False,contour_midpoint,False,OK,40.895477294921875,0.47906969795699306,74.86487377591557,85.36435819113973,25.597668923746614,0,0.0,0.0,0.0,0.0,0,1.0796798121927051,OK,OK
144,144_C1,2941.46327549475,0.8519324193865455,False,contour_midpoint,False,OK,24.451448947770018,0.30802706775867694,75.2966921316422,79.38084508510286,17.12024881880776,0,0.0,0.0,0.0,0.0,0,1.046697886042799,OK,OK
145,145_C1,4851.406753163265,0.9573813114637147,False,contour_midpoint,False,OK,28.45591497650031,0.13933252175953664,201.5013492890341,204.2302444336018,7.9320984425670344,0,0.0,0.0,0.0,0.0,0,1.2029713579027048,OK,OK
146,146_C1,11234.010823632305,0.831718344118497,False,,False,no_contour_chain,60.85313153409652,,,,,0,0.0,0.0,0.0,0.0,0,,BAD,L<=0;nan_inf;no_contour_chain
147,147_C1,885.8468182975062,0.8890248578458106,False,contour_midpoint,False,OK,21.261734008789062,0.3887596765363748,47.68417774013624,54.69120202542324,21.244074458421952,0,0.0,0.0,0.0,0.0,0,1.4234356597753748,OK,OK
148,148_C1,2691.6813450988006,0.9152448027024415,False,contour_midpoint,False,OK,32.11778769286235,0.24615808772023426,124.23275344308759,130.47626421832274,13.828880111928958,0,0.0,0.0,0.0,0.0,0,1.45659260362059,OK,OK
149,149_C1,2074.5739688442573,0.81809505425525,False,contour_midpoint,False,OK,41.16227722167969,0.5160773394853405,67.33789075222339,79.75990044966686,27.297233404149303,0,0.0,0.0,0.0,0.0,0,1.1677006927578284,OK,OK
150,150_C1,1429.0589888151055,0.8749080160309337,False,contour_midpoint,False,OK,57.58213806152344,0.5925225274758854,77.3627181481368,97.18134820429579,30.64769677594298,0,0.0,0.0,0.0,0.0,0,1.0385494064758949,OK,OK
151,151_C1,2531.230036374848,0.844224809637048,False,contour_midpoint,False,OK,58.323715129114476,0.5269904679916345,92.78396726017218,110.67318798267203,27.78880311514545,0,0.0,0.0,0.0,0.0,0,1.138801805588897,OK,OK
152,152_C1,3205.418886059727,0.9014516197292581,False,,False,no_contour_chain,103.70734137605166,,,,,0,0.0,0.0,0.0,0.0,0,,BAD,L<=0;nan_inf;no_contour_chain
153,153_C1,4878.697709917581,0.8204543180846375,False,contour_midpoint,False,OK,61.67341020682227,0.42194349872623976,130.49333556495833,146.16509175517942,22.87699682323452,0,0.0,0.0,0.0,0.0,0,1.1118817299766075,OK,OK
154,154_C1,2888.3848981964247,0.8600693514228208,False,contour_midpoint,False,OK,42.09686801206351,0.42003620551520593,90.48999342047509,100.22199862611497,22.784169073223776,0,0.0,0.0,0.0,0.0,0,1.1408111272565546,OK,OK
155,155_C1,5919.086374860997,1.1892963802950551,True,,False,early_excluded_complex_or_small_polygon,,,,,,,,,,,,,BAD,complexity_ratio_exceeds_threshold;early_excluded_complex_or_small_polygon
156,156_C1,1561.1157828303485,0.8217619210559529,False,contour_midpoint,False,OK,43.38414001464844,0.5470814492946166,65.82166505505424,79.30106215552748,28.68225117555716,0,0.0,0.0,0.0,0.0,0,1.2824777921538333,OK,OK
157,157_C1,10060.261128251414,0.8712009841017695,False,contour_midpoint,False,OK,158.0807919518851,0.571267212983761,223.48810669019767,276.7195252222163,29.737911385803404,0,0.0,0.0,0.0,0.0,0,1.1356961504493885,OK,OK
158,158_C1,3570.857115736241,0.9338079083482723,False,contour_midpoint,False,OK,49.09304088307397,0.406003697832738,108.23487263364365,120.91771859501365,22.097334340845457,0,0.0,0.0,0.0,0.0,0,1.4681349537337116,OK,OK
159,159_C1,626.026419485179,0.9306538968291361,False,contour_midpoint,False,OK,100.6592327029532,0.7097012857230109,98.96458600068124,141.83323988261657,35.363371296841756,0,0.0,0.0,0.0,0.0,0,1.0576966124384368,BAD,out_of_bounds
160,160_C1,201.1055892594719,0.8132244862984785,True,,False,early_excluded_complex_or_small_polygon,,,,,,,,,,,,,BAD,early_excluded_complex_or_small_polygon;polygon_area_below_threshold
161,161_C1,999.3005353327201,0.9176139439512728,False,contour_midpoint,False,OK,53.488677978515625,0.5679434927012024,75.9536369268718,94.17957713384043,29.594127094426096,0,0.0,0.0,0.0,0.0,0,1.2562307277156792,OK,OK
162,162_C1,1185.984992576242,0.868511087935792,False,contour_midpoint,False,OK,29.40118408203125,0.5007822217889014,48.4738161203458,58.710518869867066,26.600894363190072,0,0.0,0.0,0.0,0.0,0,1.2120003235031584,OK,OK
163,163_C1,876.3398823213116,0.8445090768097958,False,contour_midpoint,False,OK,13.720184326171875,0.41130258025161576,30.343411498648997,33.35788537426268,22.35749202547564,0,0.0,0.0,0.0,0.0,0,1.0487069435447292,OK,OK
164,164_C1,8091.0877446551085,1.0380108850301037,True,,False,early_excluded_complex_or_small_polygon,,,,,,,,,,,,,BAD,complexity_ratio_exceeds_threshold;early_excluded_complex_or_small_polygon
165,165_C1,553.4061766677875,0.8252934263183865,False,contour_midpoint,False,OK,22.86236572265625,0.49892274576524925,39.336576105348314,45.823458474698086,26.515652206321658,0,0.0,0.0,0.0,0.0,0,1.1984361920965982,OK,OK
166,166_C1,903.6950892665253,0.8606635365606675,False,contour_midpoint,False,tortuosity_adjusted,19.385711669921875,0.3716952623968846,46.98246780616782,52.15485272777681,20.389861826023317,0,0.0,0.0,0.0,0.0,0,1.4671418555247957,OK,OK
167,167_C1,6547.732171142214,0.8987942249281133,False,contour_midpoint,False,OK,34.09618952009248,0.2671363116201822,122.15332114203144,127.63592232481999,14.956536445223609,0,0.0,0.0,0.0,0.0,0,1.0965221161166596,OK,OK
168,168_C1,4424.069065664662,0.8445166720611232,False,,False,no_contour_chain,25.5928710584152,,,,,0,0.0,0.0,0.0,0.0,0,,BAD,L<=0;nan_inf;no_contour_chain
169,169_C1,4713.136289775068,1.0101758367395854,True,,False,early_excluded_complex_or_small_polygon,,,,,,,,,,,,,BAD,complexity_ratio_exceeds_threshold;early_excluded_complex_or_small_polygon
170,170_C1,1222.255194107669,0.8674235988847433,False,contour_midpoint,False,OK,42.380035400390625,0.5061334446638013,71.75602856946847,83.73292823702162,26.845497286117475,0,0.0,0.0,0.0,0.0,0,1.119386254657609,OK,OK
171,171_C1,709.3333134643348,0.8647137001976053,False,contour_midpoint,False,OK,40.36224365234375,0.5537613478233969,59.33692464120708,72.88743392977997,28.97598914553896,0,0.0,0.0,0.0,0.0,0,1.2364104569239402,OK,OK
172,172_C1,1327.7723636135831,0.8732754933565847,False,contour_midpoint,False,tortuosity_adjusted,17.6214599609375,0.23060493322605277,73.60405703471308,76.41406328312972,12.985678880740531,0,0.0,0.0,0.0,0.0,0,1.4963755530969443,OK,OK
173,173_C1,878.6284204193527,0.8248804893421265,False,contour_midpoint,False,OK,14.99298095703125,0.36113594880066735,38.432088413235654,41.51616865289359,19.856473288233413,0,0.0,0.0,0.0,0.0,0,1.4562781908325724,OK,OK
174,174_C1,1088.606764640243,0.8580916731391314,False,contour_midpoint,False,OK,15.663360595703125,0.29121531730991995,50.684703125578764,53.78618384634525,16.23636886102685,0,0.0,0.0,0.0,0.0,0,1.436077780665132,OK,OK
175,175_C1,1358.3463890456692,0.8494688550172205,False,contour_midpoint,False,OK,29.758697509765625,0.5206133850301959,47.99130002755785,57.160838283171685,27.50208870216679,0,0.0,0.0,0.0,0.0,0,1.097472895530797,OK,OK
176,176_C1,1108.5149369580565,0.8525952358818201,False,contour_midpoint,False,OK,31.99237060546875,0.44528349694294317,63.23532008424225,71.84719583166614,24.00262087835742,0,0.0,0.0,0.0,0.0,0,1.1185610023409105,OK,OK
177,177_C1,657.6730884280809,0.8401603255819392,False,contour_midpoint,False,OK,13.248046875,0.3430087753977029,35.99135802574107,38.62305522545159,18.9324181107263,0,0.0,0.0,0.0,0.0,0,1.1521255082117425,OK,OK
178,178_C1,2135.78751002633,0.8642495883971534,False,contour_midpoint,False,OK,51.930267333984375,0.5468765651803579,78.28742285846616,94.95793135121444,28.67321552190683,0,0.0,0.0,0.0,0.0,0,1.123716255911515,OK,OK
179,179_C1,513.6037616037243,0.8176542668670352,False,contour_midpoint,False,OK,13.26068115234375,0.3214166859742816,38.72425489677591,41.256978031952,17.818271694682938,0,0.0,0.0,0.0,0.0,0,1.1522559585203578,OK,OK
180,180_C1,721.3614249204995,0.784511157992161,False,contour_midpoint,False,tortuosity_adjusted;tortuosity_excess_contour,12.905670166015625,0.367401188997397,32.36959052326108,35.12691453512705,20.173392097452147,0,0.0,0.0,0.0,0.0,0,1.609749595925038,OK,OK
181,181_C1,2160.7856146255367,0.9462060982729774,False,,False,no_contour_chain,96.36773337690533,,,,,0,0.0,0.0,0.0,0.0,0,,BAD,L<=0;nan_inf;no_contour_chain
182,182_C1,692.023498432758,0.90637801997492,False,contour_midpoint,False,OK,24.2850341796875,0.3780725359957157,59.12996697019896,64.23379607759368,20.710228469925582,0,0.0,0.0,0.0,0.0,0,1.2074341387626848,OK,OK
183,183_C1,392.1726850557012,0.835138436047698,False,contour_midpoint,False,OK,15.940185546875,0.45307740987441747,30.639565936416187,35.18203556273805,24.374206348563664,0,0.0,0.0,0.0,0.0,0,1.2977934740519312,OK,OK
184,184_C1,1339.2717521432721,0.9016789403844484,False,contour_midpoint,False,OK,46.836395263671875,0.5219358327973918,74.38601118690089,89.73592599045237,27.561669619645397,0,0.0,0.0,0.0,0.0,0,1.4593718641284463,OK,OK
185,185_C1,3631.4075775662413,1.0150905443928941,True,,False,early_excluded_complex_or_small_polygon,,,,,,,,,,,,,BAD,complexity_ratio_exceeds_threshold;early_excluded_complex_or_small_polygon
186,186_C1,2088.653559821617,0.9195899666078103,False,contour_midpoint,False,OK,96.58957056756617,0.551099943330069,140.75619051289837,175.26688532013878,28.859156765949933,0,0.0,0.0,0.0,0.0,0,1.1749567759243869,OK,OK
187,187_C1,3246.4195350643167,0.9603301455349601,False,,False,no_contour_chain,84.01313145909819,,,,,0,0.0,0.0,0.0,0.0,0,,BAD,L<=0;nan_inf;no_contour_chain
188,188_C1,473.71583397851873,0.8955533809781709,False,contour_midpoint,False,OK,20.476104736328125,0.43906165127493574,41.50221314635008,46.63605823207321,23.70443583494349,0,0.0,0.0,0.0,0.0,0,1.0884339452896885,OK,OK
189,189_C1,642.564584262311,0.8695241655182853,False,,False,no_contour_chain,8.40643310546875,,,,,0,0.0,0.0,0.0,0.0,0,,BAD,L<=0;nan_inf;no_contour_chain
190,190_C1,1040.7474419652358,0.849135567327102,False,contour_midpoint,False,OK,17.714874267578125,0.3103276116920053,53.99899344936672,57.08442819828687,17.24055965400869,0,0.0,0.0,0.0,0.0,0,1.2608527062533934,OK,OK
191,191_C1,14350.59762081079,0.9243598761179004,False,contour_midpoint,False,OK,102.46031441530045,0.33252655386379915,279.90098697762943,308.12671416691603,18.393336205833386,0,0.0,0.0,0.0,0.0,0,1.1686919221853094,OK,OK
192,192_C1,18561.98543065405,1.0205330292120605,True,,False,early_excluded_complex_or_small_polygon,,,,,,,,,,,,,BAD,complexity_ratio_exceeds_threshold;early_excluded_complex_or_small_polygon
193,193_C1,624.0229814725632,0.8317329976552521,False,contour_midpoint,False,OK,21.217803955078125,0.43336808616010375,42.85945321343443,48.96023641953046,23.430369187181892,0,0.0,0.0,0.0,0.0,0,1.2152495395948106,OK,OK
194,194_C1,2704.3203743625627,0.9512163158509703,False,contour_midpoint,False,OK,38.80010986328125,0.3654733306151548,94.86203954497621,106.16399778876877,20.07601006073487,0,0.0,0.0,0.0,0.0,0,1.2594938821664188,OK,OK
195,195_C1,6392.618930417767,0.8675809199529474,False,contour_midpoint,False,OK,90.27249890840403,0.4969485929071086,151.65214404608597,181.65359595912588,26.425014333415366,0,0.0,0.0,0.0,0.0,0,1.120302010831388,OK,OK
196,196_C1,1504.473402121962,0.8969437026316353,False,contour_midpoint,False,tortuosity_adjusted,38.18109130859375,0.47190943399098334,70.10116530086079,80.90766693450605,25.263066716085834,0,0.0,0.0,0.0,0.0,0,1.4977227377222142,OK,OK
197,197_C1,481.14245510196264,0.7930049422334269,False,contour_midpoint,False,OK,22.0745849609375,0.5288955549263707,34.358797804021414,41.73713459174482,27.874164344572144,0,0.0,0.0,0.0,0.0,0,1.1791514361915643,OK,OK
198,198_C1,413.26020383045625,0.8700264186234937,False,contour_midpoint,False,OK,24.0888671875,0.6403326909548465,28.86769213970826,37.61929935449547,32.6327638631651,0,0.0,0.0,0.0,0.0,0,1.0548091790209337,BAD,out_of_bounds
199,199_C1,720.4731243731749,0.8765683907132863,False,contour_midpoint,False,tortuosity_adjusted;tortuosity_excess_contour,11.171600341796875,0.14545769481731952,74.89584637781289,76.8030894194171,8.276069533604932,0,0.0,0.0,0.0,0.0,0,1.7745654160841262,OK,OK
200,200_C1,1151.3345885291892,0.9265754864806752,False,contour_midpoint,False,OK,13.93890380859375,0.2691781956644081,49.72213820290625,51.78318315935131,15.065679465069636,0,0.0,0.0,0.0,0.0,0,1.2153106739694906,OK,OK
201,201_C1,16977.483829779507,1.1414043094967037,True,,False,early_excluded_complex_or_small_polygon,,,,,,,,,,,,,BAD,complexity_ratio_exceeds_threshold;early_excluded_complex_or_small_polygon
202,202_C1,1180.3626452691285,0.8502624297719718,False,contour_midpoint,False,OK,32.61065673828125,0.44275044636385064,65.60425430433867,73.65471227889387,23.881388822641846,0,0.0,0.0,0.0,0.0,0,1.1430511617215608,OK,OK
203,203_C1,5586.949200315641,1.2043562793378069,True,,False,early_excluded_complex_or_small_polygon,,,,,,,,,,,,,BAD,complexity_ratio_exceeds_threshold;early_excluded_complex_or_small_polygon
205,205_C1,142.96735967132534,0.8644613173049601,True,,False,early_excluded_complex_or_small_polygon,,,,,,,,,,,,,BAD,early_excluded_complex_or_small_polygon;polygon_area_below_threshold
208,208_C1,1637.6873726702618,0.8246800038306815,False,contour_midpoint,False,OK,33.795440673828125,0.5147555957111435,56.19483038010918,65.65337211563316,27.237398464758474,0,0.0,0.0,0.0,0.0,0,1.0512200926830535,OK,OK
227,227_C1,944.82728967325,0.8544240858050739,False,contour_midpoint,False,OK,32.205780029296875,0.5021848374280059,54.92997099200946,64.13132701146907,26.665109201903498,0,0.0,0.0,0.0,0.0,0,1.17491781670891,OK,OK
228,228_C1,2288.2703403765386,0.9164320106690188,False,,False,no_contour_chain,25.519073486328125,,,,,0,0.0,0.0,0.0,0.0,0,,BAD,L<=0;nan_inf;no_contour_chain
229,229_C1,286.7354412132364,0.8572498903545184,False,contour_midpoint,False,OK,8.98028564453125,0.3120484714803449,27.064499641428625,28.778495859727016,17.3304525907099,0,0.0,0.0,0.0,0.0,0,1.4566360241136491,OK,OK
230,230_C1,4209.317346750775,0.9315126418166403,False,contour_midpoint,False,OK,46.95334844901504,0.4258426517496977,98.1246207708856,110.2598536245574,23.066373524580353,0,0.0,0.0,0.0,0.0,0,1.1129983442115026,OK,OK
231,231_C1,140.96170305637494,0.8419197271768885,True,,False,early_excluded_complex_or_small_polygon,,,,,,,,,,,,,BAD,early_excluded_complex_or_small_polygon;polygon_area_below_threshold
232,232_C1,4923.066939105,0.9107304606119049,False,contour_midpoint,False,OK,100.61842429474291,0.5928056829448047,129.9094390002754,169.73255687245384,30.65970314368717,0,0.0,0.0,0.0,0.0,0,1.2559121831509152,OK,OK
233,233_C1,582.3123602550711,0.9317478673012212,False,contour_midpoint,False,OK,41.28399658203125,0.6221117740589857,50.42601599488551,66.36105970583495,31.886229584889687,0,0.0,0.0,0.0,0.0,0,1.3100909455410916,BAD,out_of_bounds
234,234_C1,754.3454922260777,0.8312281233629408,False,contour_midpoint,False,OK,46.73797607421875,0.7461667338879544,40.77949572207064,62.63744274779878,36.72907564015508,0,0.0,0.0,0.0,0.0,0,1.1973091402842024,BAD,out_of_bounds
235,235_C1,1004.768490262818,0.9351132915922206,False,contour_midpoint,False,OK,96.560302734375,0.7403361146493029,84.23564385169615,130.4276541745037,36.51388287287257,0,0.0,0.0,0.0,0.0,0,1.074574715796202,BAD,out_of_bounds
236,236_C1,753.0738054309882,0.8291920312586908,False,contour_midpoint,False,OK,41.889739990234375,0.7458213876696785,37.34154362566416,56.16591409522193,36.71636327903564,0,0.0,0.0,0.0,0.0,0,1.029778266971914,BAD,out_of_bounds
237,237_C1,453.92464867238044,0.9062646697572337,False,,False,no_contour_chain,12.731048583984375,,,,,0,0.0,0.0,0.0,0.0,0,,BAD,L<=0;nan_inf;no_contour_chain
238,238_C1,2007.9886225754537,0.7917384827455728,False,contour_midpoint,False,OK,50.259063720703125,0.5483064578341764,74.26641073601117,91.66235962134684,28.73624310663864,0,0.0,0.0,0.0,0.0,0,1.1684830308773997,OK,OK
239,239_C1,1226.2869355091088,0.8114899750817678,False,,False,no_contour_chain,25.727630615234375,,,,,0,0.0,0.0,0.0,0.0,0,,BAD,L<=0;nan_inf;no_contour_chain
240,240_C1,875.22999918268,0.8830235033037065,False,contour_midpoint,False,OK,17.224945068359375,0.3955005103202996,39.59827998795173,43.552270146022316,21.578822345760365,0,0.0,0.0,0.0,0.0,0,1.1520804596636756,OK,OK
241,241_C1,723.1750654486807,0.869401253308732,False,contour_midpoint,False,OK,26.0118408203125,0.44601070302509993,51.681605827967566,58.32111347078737,24.03738292768596,0,0.0,0.0,0.0,0.0,0,1.1281924189466592,OK,OK
242,242_C1,1509.179244955364,0.9143876263910277,False,contour_midpoint,False,OK,45.091339111328125,0.49703074938454317,77.85081112527912,90.72142753172363,26.428789172387372,0,0.0,0.0,0.0,0.0,0,1.118229230064579,OK,OK
243,243_C1,3308.152143078504,0.8428659488628961,False,contour_midpoint,False,OK,55.776531352981124,0.4655710499173257,103.61083425043704,119.80240473046102,24.965323670447088,0,0.0,0.0,0.0,0.0,0,1.2840518477572098,OK,OK
244,244_C1,5620.983740917619,1.0452707002548451,True,,False,early_excluded_complex_or_small_polygon,,,,,,,,,,,,,BAD,complexity_ratio_exceeds_threshold;early_excluded_complex_or_small_polygon
245,245_C1,312.1657963758958,0.821410502279722,False,contour_midpoint,False,OK,17.89532470703125,0.5227184138257092,28.79323413304945,34.23511442051115,27.596897217956307,0,0.0,0.0,0.0,0.0,0,1.1245854461655864,OK,OK
246,246_C1,1600.5030272756942,0.8462963452631694,False,contour_midpoint,False,OK,26.618408203125,0.35341983557028356,69.4272842716514,75.31667870359664,19.46441844755249,0,0.0,0.0,0.0,0.0,0,1.39388200975327,OK,OK
247,247_C1,1754.9090121797597,0.8691059777797105,False,contour_midpoint,False,OK,20.327545166015625,0.343563715786706,54.757153837143875,59.16674035111302,18.960861883388358,0,0.0,0.0,0.0,0.0,0,1.1384489772679325,OK,OK
248,248_C1,1303.3046023740856,0.8456201299470538,False,contour_midpoint,False,OK,26.52691650390625,0.4438067686818683,52.65232523093145,59.77132025879804,23.931972203500766,0,0.0,0.0,0.0,0.0,0,1.0620255158513392,OK,OK
251,251_C1,125.21318712748975,0.878908615489776,True,,False,early_excluded_complex_or_small_polygon,,,,,,,,,,,,,BAD,early_excluded_complex_or_small_polygon;polygon_area_below_threshold
252,252_C1,533.3527686845583,0.8353860408529938,False,contour_midpoint,False,OK,32.13409423828125,0.6153325093710733,41.130344417415984,52.22232492010745,31.60533678027226,0,0.0,0.0,0.0,0.0,0,1.0939288351275196,OK,OK
253,253_C1,2003.9019780457756,0.852459226011193,False,contour_midpoint,False,OK,41.100189208984375,0.398659575491873,91.82519251288622,103.09595388063678,21.735171427986707,0,0.0,0.0,0.0,0.0,0,1.2693762081692535,OK,OK
254,254_C1,1309.9759362968882,0.8422082184165457,False,contour_midpoint,False,OK,48.84527587890625,0.5208833087047643,77.76914565144693,93.77393182431895,27.514254958272254,0,0.0,0.0,0.0,0.0,0,1.2546462115221253,OK,OK
255,255_C1,1754.9855915289047,0.9854490222856317,False,contour_midpoint,False,OK,90.30033055957017,0.5895806850667316,120.27560878928313,153.16025922618132,30.522780218773523,0,0.0,0.0,0.0,0.0,0,1.0897906396090595,OK,OK
256,256_C1,4654.365757666318,0.9478952952978158,False,contour_midpoint,False,tortuosity_adjusted;tortuosity_excess_contour,95.40410825794322,0.4318062586314904,189.89988181419008,220.94193020801592,23.354989073129648,0,0.0,0.0,0.0,0.0,0,1.6245395744356397,OK,OK
257,257_C1,1880.9279281461513,0.8361992256735961,False,contour_midpoint,False,tortuosity_adjusted;tortuosity_excess_contour,18.80474853515625,0.12525629604236047,146.59701250315393,150.13016614188135,7.139474655875933,0,0.0,0.0,0.0,0.0,0,2.9935913657209623,OK,OK
258,258_C1,4409.415399790528,0.8621060708880043,False,contour_midpoint,False,OK,68.4052121415832,0.45281761574430374,134.0472240961805,151.06570452022817,24.36185521736582,0,0.0,0.0,0.0,0.0,0,1.0866903530902283,OK,OK
259,259_C1,710.1843012707849,0.850731711852678,False,contour_midpoint,False,OK,17.2232666015625,0.365124988493594,43.71471711145685,47.17087886156737,20.058401301479574,0,0.0,0.0,0.0,0.0,0,1.0607626951718512,OK,OK
260,260_C1,755.4698368497515,0.8921358395108268,False,contour_midpoint,False,OK,30.2967529296875,0.42367081565625814,63.059040036640845,71.51012486606706,22.960955786092963,0,0.0,0.0,0.0,0.0,0,1.098325713147515,OK,OK
261,261_C1,1521.3151017094558,0.9359079341400252,False,contour_midpoint,False,OK,35.798370361328125,0.4868991182066888,58.994942174764525,73.5231776413522,25.96140991436041,0,0.0,0.0,0.0,0.0,0,1.3129189432519646,OK,OK
262,262_C1,2486.707232748965,1.0469672725562147,True,,False,early_excluded_complex_or_small_polygon,,,,,,,,,,,,,BAD,complexity_ratio_exceeds_threshold;early_excluded_complex_or_small_polygon
263,263_C1,1128.5969520783747,0.8955054268333842,False,contour_midpoint,False,OK,38.358917236328125,0.5573984831842929,55.88399909795707,68.8177639400671,29.135229174149657,0,0.0,0.0,0.0,0.0,0,1.1992926093675669,OK,OK
264,264_C1,2722.5949148051973,0.968338446278002,False,contour_midpoint,False,OK,97.78165798888574,0.7221126404470302,90.94640132699557,135.41053363690344,35.833526456235205,0,0.0,0.0,0.0,0.0,0,1.2968015229216574,BAD,out_of_bounds
265,265_C1,11055.237124522882,1.1574736945300232,True,,False,early_excluded_complex_or_small_polygon,,,,,,,,,,,,,BAD,complexity_ratio_exceeds_threshold;early_excluded_complex_or_small_polygon
266,266_C1,1999.5823287556216,0.8833428872526184,False,contour_midpoint,False,OK,69.36636352539062,0.7448709718712733,60.31187426731649,93.1253413609711,36.681356282954205,0,0.0,0.0,0.0,0.0,0,1.1189371787839717,BAD,out_of_bounds
267,267_C1,6793.01093598021,0.9092650300535355,False,contour_midpoint,False,OK,94.49894451859507,0.6525853408904017,101.71480633857239,144.807029207335,33.12787751932661,0,0.0,0.0,0.0,0.0,0,1.1795228763521224,BAD,out_of_bounds
268,268_C1,2235.6771430343265,0.8347601091552646,False,contour_midpoint,False,OK,98.54488728501326,0.6888069861939705,95.75046693620318,143.06603919557614,34.559342117711076,0,0.0,0.0,0.0,0.0,0,1.22297938761132,BAD,out_of_bounds
269,269_C1,2662.9655703129274,0.9088700419984607,False,contour_midpoint,False,OK,75.44316563630582,0.6324947337107232,86.91646421398083,119.27872536375993,32.31313755947213,0,0.0,0.0,0.0,0.0,0,1.286252934010312,BAD,out_of_bounds
270,270_C1,388.17977698652896,0.8244954795154418,False,contour_midpoint,False,OK,15.1083984375,0.4140444506530315,32.99217526916532,36.48979816942604,22.491729095708383,0,0.0,0.0,0.0,0.0,0,1.07128375932728,OK,OK
271,271_C1,763.6806652739638,0.8377621962448626,False,contour_midpoint,False,OK,22.479522705078125,0.4726829846098706,40.89192026177835,47.55729196309366,25.299304554618285,0,0.0,0.0,0.0,0.0,0,1.3082762119932605,OK,OK
272,272_C1,360.71822936564325,0.9237273567884792,False,contour_midpoint,False,tortuosity_adjusted;tortuosity_excess_contour,3.753936767578125,0.07816775544752926,47.55968544083004,48.02410848419443,4.469593898880731,0,0.0,0.0,0.0,0.0,0,2.100187255258014,OK,OK
273,273_C1,438.1091392956964,0.8542704462099756,False,contour_midpoint,False,OK,6.135009765625,0.2115832018142514,28.32596044355912,28.99573176423957,11.946630798767814,0,0.0,0.0,0.0,0.0,0,1.1530252429746422,OK,OK
274,274_C1,272.715467380396,0.8322355438182077,False,contour_midpoint,False,OK,19.80267333984375,0.5786837862391857,27.501545671709188,34.220197300739244,30.05727058530816,0,0.0,0.0,0.0,0.0,0,1.0884032049483665,OK,OK
275,275_C1,374.60790101168874,0.8667326025470764,False,contour_midpoint,False,OK,9.59765625,0.33539833123544627,26.882157437645088,28.61569470142218,18.541366872604986,0,0.0,0.0,0.0,0.0,0,1.0359239944936944,OK,OK
276,276_C1,228.4482303586332,0.8286255514608538,True,,False,early_excluded_complex_or_small_polygon,,,,,,,,,,,,,BAD,early_excluded_complex_or_small_polygon;polygon_area_below_threshold
277,277_C1,290.5274010292131,0.849237524320301,False,contour_midpoint,False,OK,4.82855224609375,0.15686973835161816,30.37595148986189,30.780648306244476,8.915318018216334,0,0.0,0.0,0.0,0.0,0,1.156169614443699,OK,OK
278,278_C1,2064.137050984268,0.9351628014321162,False,contour_midpoint,False,OK,24.12958969753504,0.23662080378264322,98.4964904551303,101.97577436893573,13.312524501347514,0,0.0,0.0,0.0,0.0,0,1.3763200402974844,OK,OK
279,279_C1,2541.931625264247,0.9024935894670258,False,,False,no_contour_chain,56.615687162585004,,,,,0,0.0,0.0,0.0,0.0,0,,BAD,L<=0;nan_inf;no_contour_chain
285,285_C1,7219.9031685626505,0.8889358895753633,False,contour_midpoint,False,OK,14.328336683940677,0.07476899582545972,190.79548172146247,191.63473476878914,4.275991571653262,0,0.0,0.0,0.0,0.0,0,1.1475197068640766,OK,OK
286,286_C1,267.8756961578537,0.8207570926364511,False,contour_midpoint,False,OK,23.50762939453125,0.6184876324574078,28.587372529101298,38.00824488782337,31.73627848960121,0,0.0,0.0,0.0,0.0,0,1.2233809819661368,BAD,out_of_bounds
287,287_C1,734.8988937501149,0.923691422880827,False,contour_midpoint,False,OK,31.095428466796875,0.5001257935242204,53.197069645160845,62.17521445490287,26.570816837367758,0,0.0,0.0,0.0,0.0,0,1.1893074138898074,OK,OK
288,288_C1,579.6955545733285,0.877807399934826,False,contour_midpoint,False,OK,28.707550048828125,0.49179167086294806,50.552622857417234,58.37339619529325,26.187575148491696,0,0.0,0.0,0.0,0.0,0,1.0902965746513145,OK,OK
289,289_C1,1424.261569095324,0.8036395814243754,False,contour_midpoint,False,OK,33.653778076171875,0.4946938620445487,58.78143345874352,68.02950401907604,26.32131988710883,0,0.0,0.0,0.0,0.0,0,1.1579886528511023,OK,OK
290,290_C1,1360.8717966695199,0.873035583266873,False,contour_midpoint,False,OK,88.94064331054688,0.7305222339573941,81.35657700133747,121.74939950661943,36.14895902408542,0,0.0,0.0,0.0,0.0,0,1.022039781875734,BAD,out_of_bounds
291,291_C1,770.2514914729127,0.8194078008052684,False,contour_midpoint,False,OK,46.63983154296875,0.6730262883576854,48.95808715654041,69.29867725788094,33.94159035163329,0,0.0,0.0,0.0,0.0,0,1.2100491435526164,BAD,out_of_bounds
292,292_C1,19577.26611050039,1.5966965648370401,True,,False,early_excluded_complex_or_small_polygon,,,,,,,,,,,,,BAD,complexity_ratio_exceeds_threshold;early_excluded_complex_or_small_polygon
293,293_C1,3407.9237039300006,0.9056091412127946,False,contour_midpoint,False,OK,87.61271613969348,0.5336854583082251,134.04893199223164,164.16545509301392,28.088192033171374,0,0.0,0.0,0.0,0.0,0,1.1092406173681228,OK,OK
294,294_C1,164.64531305647324,0.7947686484032788,True,,False,early_excluded_complex_or_small_polygon,,,,,,,,,,,,,BAD,early_excluded_complex_or_small_polygon;polygon_area_below_threshold
295,295_C1,359.25883134693544,0.8802193363289541,False,contour_midpoint,False,OK,9.33624267578125,0.2433417296532087,37.06743606361377,38.36679672280838,13.676634645723265,0,0.0,0.0,0.0,0.0,0,1.0321274550583452,OK,OK
296,296_C1,331.2457826154264,0.7922715234158715,False,contour_midpoint,False,OK,22.06597900390625,0.6789086142334568,23.716896494094904,32.502134368733174,34.17292072070412,0,0.0,0.0,0.0,0.0,0,1.1635941767609106,BAD,out_of_bounds
297,297_C1,1487.2619480055403,0.9100016662038591,False,contour_midpoint,False,OK,68.65570068359375,0.6226351629064883,84.10576740132385,110.2663401840428,31.907844894236916,0,0.0,0.0,0.0,0.0,0,1.1814494620995115,BAD,out_of_bounds
298,298_C1,298.9782803947939,0.8662988227793715,False,contour_midpoint,False,OK,24.0068359375,0.5911357410717508,31.477399736927254,40.61137615190502,30.588851141074475,0,0.0,0.0,0.0,0.0,0,1.0563035938883492,OK,OK
299,299_C1,1024.9329097858197,0.9341517267115714,False,contour_midpoint,False,OK,61.91619873046875,0.6506023144873941,71.20550935183482,95.16750455960516,33.04812103956468,0,0.0,0.0,0.0,0.0,0,1.1221731996767303,BAD,out_of_bounds
300,300_C1,770.4618731887992,0.819769604291745,False,contour_midpoint,False,OK,16.90972900390625,0.34174197782673327,46.122079679403136,49.48098302538548,18.867451415805935,0,0.0,0.0,0.0,0.0,0,1.4888281902857654,OK,OK
301,301_C1,1225.298045592972,0.9163032687229439,False,,False,no_contour_chain,46.5139206396957,,,,,0,0.0,0.0,0.0,0.0,0,,BAD,L<=0;nan_inf;no_contour_chain
302,302_C1,716.3785247376352,0.8863222543450825,False,contour_midpoint,False,OK,20.566741943359375,0.4405717730629073,41.50608131548258,46.68193289001913,23.77693524126784,0,0.0,0.0,0.0,0.0,0,1.3216471367425005,OK,OK
303,303_C1,744.3653300288229,0.8531697158763676,False,contour_midpoint,False,OK,21.765228271484375,0.41712538641640956,47.26354274676233,52.17910244800228,22.64225603174154,0,0.0,0.0,0.0,0.0,0,1.2344385849571862,OK,OK
304,304_C1,666.0682559171263,0.8428060588280273,False,contour_midpoint,False,OK,5.91259765625,0.13283351955617168,43.92730602137234,44.51133777080809,7.566504521859654,0,0.0,0.0,0.0,0.0,0,1.4279661604225338,OK,OK
305,305_C1,544.6606349785908,0.8339817219926251,False,contour_midpoint,False,OK,32.43603515625,0.5961445945954404,42.20301247252277,54.40967753513215,30.801054890376946,0,0.0,0.0,0.0,0.0,0,1.1227347895222186,OK,OK
306,306_C1,3610.5299712549277,0.8584558717300912,False,contour_midpoint,False,OK,84.20718098386169,0.5881002761536429,112.72441228232138,143.18507301952417,30.459797299376987,0,0.0,0.0,0.0,0.0,0,1.067152381389484,OK,OK
307,307_C1,806.5069446295473,0.8725252121559333,False,contour_midpoint,False,OK,32.021209716796875,0.4651608985108513,60.8620673523997,68.83899704233175,24.94600704124104,0,0.0,0.0,0.0,0.0,0,1.0591579016033787,OK,OK
308,308_C1,2844.112845258831,0.8562879137342526,False,contour_midpoint,False,OK,55.08442174422555,0.5294490180531791,87.9436978495923,104.04103108317172,27.898938191255628,0,0.0,0.0,0.0,0.0,0,1.0617872455538915,OK,OK
309,309_C1,317.7690279247375,0.8064420217398413,False,contour_midpoint,False,OK,16.57708740234375,0.5148480074474102,27.03777515069996,32.19802186771994,27.24158401021973,0,0.0,0.0,0.0,0.0,0,1.0878457820842666,OK,OK
310,310_C1,1198.7806086144064,0.9126890529851673,False,contour_midpoint,False,OK,32.043060302734375,0.42594534398709966,67.33614223538488,75.22810321810876,23.071353974066955,0,0.0,0.0,0.0,0.0,0,1.126489995177736,OK,OK
311,311_C1,2021.9817492679758,1.0160574096097026,True,,False,early_excluded_complex_or_small_polygon,,,,,,,,,,,,,BAD,complexity_ratio_exceeds_threshold;early_excluded_complex_or_small_polygon
312,312_C1,1094.0517777118187,0.8616912159431223,False,contour_midpoint,False,OK,17.74749755859375,0.32825479438571303,50.603033134853355,54.06622496346452,18.172670091296116,0,0.0,0.0,0.0,0.0,0,1.415556872102749,OK,OK
313,313_C1,1024.523428971907,0.8717866836789269,False,contour_midpoint,False,OK,9.97137451171875,0.21127860021112352,46.076680382322145,47.195383260560675,11.929925203251802,0,0.0,0.0,0.0,0.0,0,1.1255326798506096,OK,OK
314,314_C1,2522.764152610397,0.8424580388936102,False,contour_midpoint,False,OK,61.44744378060693,0.5068243667501715,102.46453617352597,121.24011356165946,26.877002468292286,0,0.0,0.0,0.0,0.0,0,1.0959549282464163,OK,OK
315,315_C1,406.1449694950727,0.8430942771092407,False,contour_midpoint,False,OK,11.27935791015625,0.34955921406758905,29.947595754485814,32.26737404202805,19.267544086613555,0,0.0,0.0,0.0,0.0,0,1.124201051805068,OK,OK
316,316_C1,259.46389848866056,0.8416061913183164,False,contour_midpoint,False,OK,26.0848388671875,0.640851799999798,30.60315629744702,40.703387065770464,32.65385265657668,0,0.0,0.0,0.0,0.0,0,1.0844828976774292,BAD,out_of_bounds
317,317_C1,1864.703155144519,0.912326414705298,False,contour_midpoint,False,OK,18.133900875202528,0.21791074390032275,79.74927461895767,83.2171032535109,12.293189318959957,0,0.0,0.0,0.0,0.0,0,1.2047675541223632,OK,OK
318,318_C1,2354.879794127153,0.8788192949247757,False,contour_midpoint,False,tortuosity_adjusted,22.713380638036824,0.35593664245025874,59.255556553211406,63.81298784434919,19.592507631568026,0,0.0,0.0,0.0,0.0,0,1.4953860876786562,OK,OK
319,319_C1,1092.5516514797846,0.8895977679113625,False,contour_midpoint,False,OK,19.5087890625,0.3333940005075291,54.71924402289038,58.51571723786742,18.438077141715787,0,0.0,0.0,0.0,0.0,0,1.3321446757689785,OK,OK
320,320_C1,792.5018416296972,0.8477971789521107,False,contour_midpoint,False,OK,22.727493286132812,0.3574364690752245,58.93609473520997,63.58470736053987,19.668742371725497,0,0.0,0.0,0.0,0.0,0,1.1653387186826225,OK,OK
321,321_C1,4571.855865203339,0.8905061336567539,False,contour_midpoint,False,OK,83.25027516686737,0.5476338584388694,120.12667450203611,152.01813015029336,28.706605363545663,0,0.0,0.0,0.0,0.0,0,1.2984227455115538,OK,OK
322,322_C1,2061.826197669467,0.9089784103165953,False,contour_midpoint,False,OK,35.17444292613732,0.280618666605336,120.07830420025313,125.34605538414482,15.675111153502034,0,0.0,0.0,0.0,0.0,0,1.0416333171976324,OK,OK
323,323_C1,34280.490599845914,0.9116575082865775,False,contour_midpoint,False,OK,166.30953610175857,0.4234346081597741,348.4693674641372,392.7632104152554,22.94948069011832,0,0.0,0.0,0.0,0.0,0,1.3671914418584725,OK,OK
324,324_C1,19484.744269208102,0.9287075275514053,False,,False,no_contour_chain,145.65872523735766,,,,,0,0.0,0.0,0.0,0.0,0,,BAD,L<=0;nan_inf;no_contour_chain
325,325_C1,5799.88259169841,0.867482232986915,False,contour_midpoint,False,tortuosity_adjusted;tortuosity_excess_contour,41.753763667690976,0.2939702805161034,132.7098347257232,142.033962053534,16.381768794786357,0,0.0,0.0,0.0,0.0,0,2.0366364108766595,OK,OK
326,326_C1,1343.8060125884183,0.8234646987600214,False,contour_midpoint,False,OK,42.74732971191406,0.5898201676568452,57.70157702624747,72.47519168721317,30.532961169521027,0,0.0,0.0,0.0,0.0,0,1.1026320344083236,OK,OK
327,327_C1,277.78725488132653,0.8440492384880643,False,contour_midpoint,False,OK,16.68817138671875,0.4861328055543622,29.377784190007738,34.32842053868052,25.925906915141663,0,0.0,0.0,0.0,0.0,0,1.1423856705923052,OK,OK
328,328_C1,146.7965106284402,0.8284787918883209,True,,False,early_excluded_complex_or_small_polygon,,,,,,,,,,,,,BAD,early_excluded_complex_or_small_polygon;polygon_area_below_threshold
329,329_C1,167.42387455229357,0.8015700856700702,True,,False,early_excluded_complex_or_small_polygon,,,,,,,,,,,,,BAD,early_excluded_complex_or_small_polygon;polygon_area_below_threshold
330,330_C1,197.10983195715806,0.847078820083656,True,,False,early_excluded_complex_or_small_polygon,,,,,,,,,,,,,BAD,early_excluded_complex_or_small_polygon;polygon_area_below_threshold
331,331_C1,659.3759255528595,0.8128896297360981,False,contour_midpoint,False,OK,28.474273681640625,0.5589094094382154,41.768191869975006,50.94613402601573,29.20123552719419,0,0.0,0.0,0.0,0.0,0,1.3780189057258958,OK,OK
332,332_C1,742.2032084099933,0.8331123426938013,False,contour_midpoint,False,OK,46.274871826171875,0.6713574676547572,49.06814527425984,68.92732121953328,33.87573167555359,0,0.0,0.0,0.0,0.0,0,1.1572648054281678,BAD,out_of_bounds
333,333_C1,505.75927943878895,0.8079619254097259,False,contour_midpoint,False,tortuosity_adjusted,12.5302734375,0.3688117078696358,31.385947185502445,33.97471709853931,20.244564800538214,0,0.0,0.0,0.0,0.0,0,1.3991770961667689,OK,OK
334,334_C1,617.6287206805458,0.8683547064001177,False,contour_midpoint,False,OK,28.55633544921875,0.47385241479912793,52.5693296592682,60.26419736897225,25.35404669570518,0,0.0,0.0,0.0,0.0,0,1.043555814382093,OK,OK
335,335_C1,465.23668163387504,0.8197688626481537,False,contour_midpoint,False,OK,2.62432861328125,0.11071190060783657,23.546601947617294,23.704123936749497,6.317596620046148,0,0.0,0.0,0.0,0.0,0,1.0883707583955384,OK,OK
336,336_C1,483.4374618159771,0.849562828531886,False,contour_midpoint,False,OK,10.8912353515625,0.2997003017945795,34.59071881818279,36.34042170243648,16.683489318047325,0,0.0,0.0,0.0,0.0,0,1.0207048827357232,OK,OK
337,337_C1,2454.82543811927,0.8794857006580131,False,contour_midpoint,False,OK,70.9062318643845,0.5793911966705249,98.17968258554822,122.38058201755152,30.087624891554565,0,0.0,0.0,0.0,0.0,0,1.15285478936156,OK,OK
338,338_C1,2392.565603993307,0.8983068990627063,False,contour_midpoint,False,OK,47.811394861701274,0.5224771837066599,77.46118452549678,91.5090579123634,27.586040744884595,0,0.0,0.0,0.0,0.0,0,1.1145679114917872,OK,OK
339,339_C1,1021.0668214588106,0.8606953607076067,False,contour_midpoint,False,OK,19.219879150390625,0.3533433732266398,50.42217000141369,54.39433878405498,19.46052383195245,0,0.0,0.0,0.0,0.0,0,1.4680947855478448,OK,OK
340,340_C1,1085.572719725827,0.9092622145178584,False,contour_midpoint,False,tortuosity_adjusted,26.73699951171875,0.4053238540513373,59.34900362365974,65.96453488851981,22.06388645049748,0,0.0,0.0,0.0,0.0,0,1.4848494946689084,OK,OK
341,341_C1,5324.5777238756,0.8815016360190915,False,contour_midpoint,False,OK,54.78574170772856,0.3496744456624649,143.50364950096989,156.67642399185314,19.27342725914337,0,0.0,0.0,0.0,0.0,0,1.4571351195300022,OK,OK
342,342_C1,3486.342457011263,0.8538464273571057,False,contour_midpoint,False,OK,53.354789613072455,0.46474306127242704,101.43059850133224,114.80491923212705,24.92632220557647,0,0.0,0.0,0.0,0.0,0,1.074179122674231,OK,OK
343,343_C1,2951.760133292222,0.8637521499362547,False,contour_midpoint,False,OK,47.426813711865634,0.47059745420896104,88.00130920819198,100.78000483786413,25.201556083654815,0,0.0,0.0,0.0,0.0,0,1.2753111930352627,OK,OK
344,344_C1,3075.4249389158745,0.8531859698779474,False,contour_midpoint,False,OK,88.15513645215105,0.5573285811518982,130.04882056477024,158.17444041708788,29.132173378258,0,0.0,0.0,0.0,0.0,0,1.1463158977426435,OK,OK
345,345_C1,681.149699395448,0.8725035585124631,False,contour_midpoint,False,OK,22.997650146484375,0.4168048124945449,49.78036698916651,55.17606672736142,22.62660890657651,0,0.0,0.0,0.0,0.0,0,1.0821848101497222,OK,OK
346,346_C1,1972.9987141775434,0.9134229387899814,False,contour_midpoint,False,OK,33.083456122515145,0.3868145948548414,77.27978652339479,85.52794171308418,21.147197716150707,0,0.0,0.0,0.0,0.0,0,1.0797645178152857,OK,OK
347,347_C1,2894.512308125058,0.936135952126088,False,contour_midpoint,False,OK,48.42175830688166,0.4295384836440842,99.10928433033645,112.72973237714353,23.245384472856454,0,0.0,0.0,0.0,0.0,0,1.2684186655808936,OK,OK
348,348_C1,861.6950064244262,0.9060004686568183,False,contour_midpoint,False,OK,23.817779541015625,0.4422075625267985,47.86587454513339,53.861085968135676,23.85537671931855,0,0.0,0.0,0.0,0.0,0,1.1500390392061115,OK,OK
349,349_C1,354.0069813956369,0.8398170415041614,False,contour_midpoint,False,OK,18.533203125,0.46147473485460516,34.72907648177876,40.16081862171539,24.772130424458652,0,0.0,0.0,0.0,0.0,0,1.174706214825103,OK,OK
350,350_C1,16835.487229691335,0.8930707653575319,False,contour_midpoint,False,OK,129.30341278599224,0.4033006719093511,287.90381283848853,320.6129366802926,21.964253506071007,0,0.0,0.0,0.0,0.0,0,1.1639977699227915,OK,OK
351,351_C1,387.8312382169785,0.8301555343154652,False,contour_midpoint,False,OK,27.540863037109375,0.6283665681362685,32.697564796550985,43.8292939721402,32.14388090247206,0,0.0,0.0,0.0,0.0,0,1.10128731022767,BAD,out_of_bounds
352,352_C1,722.4836432883634,0.8819461315059546,False,contour_midpoint,False,OK,29.978363037109375,0.41146472901499115,65.65524957840253,72.85767387371168,22.36543775732507,0,0.0,0.0,0.0,0.0,0,1.1557326393981495,OK,OK
353,353_C1,2913.204162572533,0.8152065261576409,False,contour_midpoint,False,OK,33.836786469842764,0.325248545043875,97.97857382230288,104.0336290060215,18.017040784160898,0,0.0,0.0,0.0,0.0,0,1.1341212440908752,OK,OK
354,354_C1,2574.5943156077797,1.0178628186636298,True,,False,early_excluded_complex_or_small_polygon,,,,,,,,,,,,,BAD,complexity_ratio_exceeds_threshold;early_excluded_complex_or_small_polygon
355,355_C1,734.599617420146,0.8509449752981093,False,contour_midpoint,False,OK,31.23712158203125,0.5303401164993097,49.00596744265262,58.90016728929068,27.938801283123055,0,0.0,0.0,0.0,0.0,0,1.1327887585197145,OK,OK
356,356_C1,1235.0531779278783,0.8644261678906475,False,contour_midpoint,False,OK,37.524139404296875,0.5043158483783454,62.338538663927444,74.40602853342355,26.762533390067585,0,0.0,0.0,0.0,0.0,0,1.1910933350132118,OK,OK
357,357_C1,915.4742320051353,0.9481331061457625,False,contour_midpoint,False,OK,34.811309814453125,0.45092443596229054,66.86331148165145,77.19987438730043,24.27177687860378,0,0.0,0.0,0.0,0.0,0,1.2051964374186712,OK,OK
358,358_C1,307.9316949499343,0.8132393479011792,False,contour_midpoint,False,OK,17.90240478515625,0.601294887676155,22.62213367628901,29.773086636981542,31.018278015070397,0,0.0,0.0,0.0,0.0,0,1.0815580116692796,OK,OK
359,359_C1,448.26875827041226,0.8471894742841768,False,contour_midpoint,False,OK,17.41461181640625,0.44926995019524385,34.35972061762063,38.76202227377594,24.192950974314545,0,0.0,0.0,0.0,0.0,0,1.3479930990062348,OK,OK
360,360_C1,214.99968435816817,0.8262472450074118,True,,False,early_excluded_complex_or_small_polygon,,,,,,,,,,,,,BAD,early_excluded_complex_or_small_polygon;polygon_area_below_threshold
361,361_C1,2248.5561141119374,0.7986693165820891,False,contour_midpoint,False,OK,31.79571533203125,0.3951566642483255,73.69973957261223,80.46356852544461,21.561784215975592,0,0.0,0.0,0.0,0.0,0,1.0567052648702349,OK,OK
362,362_C1,2055.352632517383,0.8547066655338829,False,contour_midpoint,False,OK,23.80340576171875,0.3103361416086176,72.12674934496992,76.70200975733779,17.241005449505387,0,0.0,0.0,0.0,0.0,0,1.2836540075842602,OK,OK
363,363_C1,1917.2063422429505,0.8220910927994851,False,contour_midpoint,False,tortuosity_adjusted,12.41424560546875,0.20835663531977314,58.10375679943906,59.581714719169454,11.769568494710859,0,0.0,0.0,0.0,0.0,0,1.496007537472145,OK,OK
364,364_C1,15942.235921026479,0.9146224559481739,False,contour_midpoint,False,OK,140.9997444905831,0.43380606277605943,280.49480536932623,325.0294465418073,23.451492300817044,0,0.0,0.0,0.0,0.0,0,1.3407241734501145,OK,OK
365,365_C1,2776.953648935117,0.8337064707972026,False,contour_midpoint,False,OK,51.60772255635436,0.442943360673111,103.27948743078116,116.51088409572186,23.890629732327884,0,0.0,0.0,0.0,0.0,0,1.0430038835253501,OK,OK
366,366_C1,5018.828535920958,0.9387138140704226,False,contour_midpoint,False,OK,108.33483446620983,0.587760505189737,145.71370381248144,184.31798923140963,30.445330486648736,0,0.0,0.0,0.0,0.0,0,1.1365495922064055,OK,OK
367,367_C1,656.9647078218607,0.8145305827153474,False,contour_midpoint,False,OK,30.707122802734375,0.5783272429926781,42.64236949445712,53.096448723103194,30.04196459641074,0,0.0,0.0,0.0,0.0,0,1.284616509205955,OK,OK
368,368_C1,4171.59096104083,0.997487498152405,False,contour_midpoint,False,OK,111.58284472332036,0.6419194826769081,131.69807759914372,173.82685482297848,32.69719598382536,0,0.0,0.0,0.0,0.0,0,1.1383922987728126,BAD,out_of_bounds
369,369_C1,1820.1190012656707,0.8628237838027932,False,contour_midpoint,False,OK,34.3768310546875,0.4589149827774504,66.10837633578083,74.9089315991203,24.651099334263154,0,0.0,0.0,0.0,0.0,0,1.2345529301909655,OK,OK
370,370_C1,508.4288199225463,0.8463392698084983,False,contour_midpoint,False,OK,26.064300537109375,0.5074991004441703,44.166336394008255,51.35831869317114,26.907752541677404,0,0.0,0.0,0.0,0.0,0,1.1617108113424437,OK,OK
371,371_C1,165.26943050089835,0.8646441997133112,True,,False,early_excluded_complex_or_small_polygon,,,,,,,,,,,,,BAD,early_excluded_complex_or_small_polygon;polygon_area_below_threshold
372,372_C1,301.4630021907599,0.8280186795139023,False,contour_midpoint,False,OK,16.573089599609375,0.5152745754017759,27.510301404231388,32.16360827950188,27.260900198175772,0,0.0,0.0,0.0,0.0,0,1.1212999620096304,OK,OK
373,373_C1,544.823925399917,0.8133017553931191,False,contour_midpoint,False,OK,9.3292236328125,0.27160219271663577,32.728588331235386,34.34885241352133,15.195102025304307,0,0.0,0.0,0.0,0.0,0,1.495402192874145,OK,OK
374,374_C1,2246.951633855989,1.108763333609519,True,,False,early_excluded_complex_or_small_polygon,,,,,,,,,,,,,BAD,complexity_ratio_exceeds_threshold;early_excluded_complex_or_small_polygon
375,375_C1,1733.2759101295255,0.9314598838404389,False,contour_midpoint,False,OK,86.31550570912168,0.6628576128987939,96.38057014394106,130.2172654118713,33.53871068500888,0,0.0,0.0,0.0,0.0,0,1.1523514336993093,BAD,out_of_bounds
376,376_C1,1022.6410567032858,0.9244197873416624,False,contour_midpoint,False,OK,49.893951416015625,0.5347462877843805,77.19340336420886,93.30396966894659,28.135478235872675,0,0.0,0.0,0.0,0.0,0,1.1844310244445573,OK,OK
377,377_C1,295.5344144503337,0.842746249618081,False,contour_midpoint,False,OK,5.12420654296875,0.19576614096875325,25.446501398867966,26.175142022065184,11.076491529345205,0,0.0,0.0,0.0,0.0,0,1.4714461587382703,OK,OK
378,378_C1,385.4309566310928,0.8401293437209416,False,contour_midpoint,False,tortuosity_adjusted,7.2698974609375,0.29390731408189963,23.366165714382774,24.735340403647406,16.37844800053458,0,0.0,0.0,0.0,0.0,0,1.2684149651878527,OK,OK
379,379_C1,1041.616215519839,0.838817264186682,False,contour_midpoint,False,OK,21.24285888671875,0.3727753298292845,52.03525852665681,56.98568866251715,20.44421412262571,0,0.0,0.0,0.0,0.0,0,1.362766369077436,OK,OK
380,380_C1,145.6434711897908,0.8609847298697507,True,,False,early_excluded_complex_or_small_polygon,,,,,,,,,,,,,BAD,early_excluded_complex_or_small_polygon;polygon_area_below_threshold
381,381_C1,356.55524903730947,0.9156588166701647,False,contour_midpoint,False,OK,22.17047119140625,0.5495723265442026,33.35606369872438,40.341316548483555,28.791977382790478,0,0.0,0.0,0.0,0.0,0,1.2411293306047706,OK,OK
382,382_C1,456.33283166897274,0.9576008330720325,False,contour_midpoint,False,OK,22.649017333984375,0.5163811937266941,36.55918271823924,43.86104220900782,27.31097968646812,0,0.0,0.0,0.0,0.0,0,1.1839943475882324,OK,OK
383,383_C1,630.5134505769673,0.933883296293817,False,contour_midpoint,False,OK,37.9952392578125,0.6114486487517055,48.69419989283457,62.139705984110286,31.44364438157744,0,0.0,0.0,0.0,0.0,0,1.073720726767408,OK,OK
384,384_C1,844.2193139466965,0.908702404516387,False,contour_midpoint,False,OK,28.992889404296875,0.4689779380210136,53.295265529284904,61.821435623689794,25.125541173045875,0,0.0,0.0,0.0,0.0,0,1.1438196072999052,OK,OK
385,385_C1,176.79865888504602,0.8691833796492278,True,,False,early_excluded_complex_or_small_polygon,,,,,,,,,,,,,BAD,early_excluded_complex_or_small_polygon;polygon_area_below_threshold
386,386_C1,1060.1377573175978,0.9477741138423039,False,contour_midpoint,False,OK,58.582650879401854,0.5483645143077962,87.55061421331557,106.83158620019583,28.738800547261448,0,0.0,0.0,0.0,0.0,0,1.0915247311782483,OK,OK
387,387_C1,473.05428350688396,0.8767457731702516,False,contour_midpoint,False,OK,19.41802978515625,0.41514360627991126,42.11278738275738,46.77424749271849,22.5454688430312,0,0.0,0.0,0.0,0.0,0,1.2225809328524408,OK,OK
388,388_C1,6404.0131859284,0.9999451250722562,False,contour_midpoint,False,OK,97.29814066771723,0.4720411486293372,172.38335309995406,206.1221589478824,25.26923856395917,0,0.0,0.0,0.0,0.0,0,1.4363377600160858,OK,OK
389,389_C1,1077.2361309025446,0.8200248752290298,False,contour_midpoint,False,OK,32.4747314453125,0.5019885678013307,55.31194313199474,64.69217334480184,26.656127889252847,0,0.0,0.0,0.0,0.0,0,1.0867168770894908,OK,OK
390,390_C1,2588.924309597782,0.9741908571118734,False,,False,no_contour_chain,60.751364647761534,,,,,0,0.0,0.0,0.0,0.0,0,,BAD,L<=0;nan_inf;no_contour_chain
391,391_C1,2104.936958368903,1.0783569375975584,True,,False,early_excluded_complex_or_small_polygon,,,,,,,,,,,,,BAD,complexity_ratio_exceeds_threshold;early_excluded_complex_or_small_polygon
392,392_C1,226.52818032550158,0.8247302789175122,True,,False,early_excluded_complex_or_small_polygon,,,,,,,,,,,,,BAD,early_excluded_complex_or_small_polygon;polygon_area_below_threshold
393,393_C1,861.7110560462771,0.9608579242095692,False,contour_midpoint,False,OK,38.4010009765625,0.47966642151727096,68.91168615422755,80.05772189575673,25.62547012350181,0,0.0,0.0,0.0,0.0,0,1.2154942246198868,OK,OK
394,394_C1,352.2820683297206,0.9334161204296231,False,contour_midpoint,False,OK,8.39111328125,0.27940671530675065,28.822088560557603,30.031895518465607,15.610720175050602,0,0.0,0.0,0.0,0.0,0,1.040548181020705,OK,OK
395,395_C1,667.6141016437982,0.9435691092039761,False,contour_midpoint,False,OK,23.432098388671875,0.38289965793421366,56.08261801252054,61.19644638778383,20.951825963031258,0,0.0,0.0,0.0,0.0,0,1.1460805377676915,OK,OK
396,396_C1,2685.8807568839334,0.9930820299479172,False,contour_midpoint,False,OK,67.78139836928256,0.465093828822227,126.90838174003717,145.73704093414378,24.94284772793566,0,0.0,0.0,0.0,0.0,0,1.1772394441463616,OK,OK
397,397_C1,590.729266860593,0.9589780548341386,False,contour_midpoint,False,OK,29.092987060546875,0.42970367898390877,60.44077035647992,67.70476605958109,23.253374681636096,0,0.0,0.0,0.0,0.0,0,1.1521334353081598,OK,OK
398,398_C1,3032.0370843342002,1.1714227623576627,True,,False,early_excluded_complex_or_small_polygon,,,,,,,,,,,,,BAD,complexity_ratio_exceeds_threshold;early_excluded_complex_or_small_polygon
399,399_C1,5663.580532653554,0.9171430078745268,False,contour_midpoint,False,OK,93.1525669795625,0.520966024053926,151.00798243125016,178.80737452836294,27.517982644418122,0,0.0,0.0,0.0,0.0,0,1.134191262777738,OK,OK
400,400_C1,2214.389380698285,0.8238317421854909,False,contour_midpoint,False,OK,37.3292236328125,0.5112907680239256,62.0496277528556,73.00977441287517,27.080241157209112,0,0.0,0.0,0.0,0.0,0,1.2850738853301031,OK,OK
401,401_C1,5702.291970218542,0.9565958408182088,False,contour_midpoint,False,OK,101.53405210203687,0.5251970554811305,160.8566719178457,193.325630908235,27.70832300440546,0,0.0,0.0,0.0,0.0,0,1.1703550466668469,OK,OK
402,402_C1,5414.0697513853365,0.9213130000659018,False,,False,no_contour_chain,84.6863103762388,,,,,0,0.0,0.0,0.0,0.0,0,,BAD,L<=0;nan_inf;no_contour_chain
403,403_C1,446.7715085481591,0.8249775027730912,False,contour_midpoint,False,OK,24.668701171875,0.5373290555754787,38.00490925818257,45.909858988464435,28.25043007652134,0,0.0,0.0,0.0,0.0,0,1.085392457725783,OK,OK
404,404_C1,469.76393758268654,0.8641163127685292,False,contour_midpoint,False,OK,13.22113037109375,0.37081148997788277,32.53102673029763,35.65458657142024,20.345359159031716,0,0.0,0.0,0.0,0.0,0,1.486858070455313,OK,OK
405,405_C1,182.86453919788423,0.8245696323770122,True,,False,early_excluded_complex_or_small_polygon,,,,,,,,,,,,,BAD,early_excluded_complex_or_small_polygon;polygon_area_below_threshold
406,406_C1,251.72307103401155,0.822240869568303,False,contour_midpoint,False,OK,9.57940673828125,0.3704058493659946,23.91460984331825,25.86192079492764,20.32492439501625,0,0.0,0.0,0.0,0.0,0,1.2522304032866611,OK,OK
407,407_C1,1577.0731436986675,0.8911005774876901,False,contour_midpoint,False,OK,26.109832763671875,0.31950549634246667,76.66431777960358,81.71951050158357,17.718966764573654,0,0.0,0.0,0.0,0.0,0,1.067446977860111,OK,OK
408,408_C1,1959.191424350159,0.8481559054889715,False,contour_midpoint,False,OK,76.86221313476562,0.6517704543309709,88.36063659950682,117.92834827663846,33.095120639084726,0,0.0,0.0,0.0,0.0,0,1.035340672257207,BAD,out_of_bounds
409,409_C1,249.7980545297207,0.8292000789882267,True,,False,early_excluded_complex_or_small_polygon,,,,,,,,,,,,,BAD,early_excluded_complex_or_small_polygon;polygon_area_below_threshold
410,410_C1,305.5676149191554,0.8891460016755348,False,contour_midpoint,False,tortuosity_adjusted,9.84185791015625,0.3171948909368274,28.83594848785939,31.027794555859845,17.598761304709576,0,0.0,0.0,0.0,0.0,0,1.4575383533188302,OK,OK
411,411_C1,550.6535846415065,0.9139741778408854,False,contour_midpoint,False,OK,14.99658203125,0.35018441702192793,39.963352005283554,42.82481259099242,19.299458877881577,0,0.0,0.0,0.0,0.0,0,1.286633636022581,OK,OK
412,412_C1,1625.083944228482,0.9555506816860281,False,contour_midpoint,False,OK,90.25557160764163,0.5932412721977594,119.84968318143052,152.1397378056235,30.678167191436955,0,0.0,0.0,0.0,0.0,0,1.146693267544504,OK,OK
413,413_C1,418.78281933586976,0.8029018782900323,False,contour_midpoint,False,OK,17.97393798828125,0.45958562264744346,33.891220440657165,39.109008425334025,24.682831508488224,0,0.0,0.0,0.0,0.0,0,1.0889336951063222,OK,OK
414,414_C1,174.1145758467157,0.8140872734347079,True,,False,early_excluded_complex_or_small_polygon,,,,,,,,,,,,,BAD,early_excluded_complex_or_small_polygon;polygon_area_below_threshold
415,415_C1,6162.932512520304,0.9251295136727757,False,,False,no_contour_chain,73.73481720281143,,,,,0,0.0,0.0,0.0,0.0,0,,BAD,L<=0;nan_inf;no_contour_chain
416,416_C1,1640.3224158577584,0.9049826186079796,False,contour_midpoint,False,OK,64.24472045898438,0.6189783786349221,77.94061106795102,103.79154212246947,31.756611917431886,0,0.0,0.0,0.0,0.0,0,1.3695742578818473,BAD,out_of_bounds
417,417_C1,2615.2383416597686,0.8667348622092025,False,contour_midpoint,False,OK,54.12423676940648,0.48653969792780655,93.12130715852334,111.24320790250812,25.94476076306895,0,0.0,0.0,0.0,0.0,0,1.4589968387626564,OK,OK
418,418_C1,14338.720891362533,1.2656246513167313,True,,False,early_excluded_complex_or_small_polygon,,,,,,,,,,,,,BAD,complexity_ratio_exceeds_threshold;early_excluded_complex_or_small_polygon
419,419_C1,6752.36974764697,0.8578833107173007,False,contour_midpoint,False,OK,92.75990465739949,0.51137590098086,152.60383285525964,181.3927963352957,27.084107908632514,0,0.0,0.0,0.0,0.0,0,1.248965512148215,OK,OK
420,420_C1,2090.8876153947185,0.8840852061551256,False,contour_midpoint,False,OK,34.93223627785926,0.3619852748255651,88.24505074285115,96.50181570146064,19.89951005575725,0,0.0,0.0,0.0,0.0,0,1.3905976974748124,OK,OK
421,421_C1,1115.457155141149,0.8207238571329986,False,contour_midpoint,False,OK,38.40667724609375,0.5347680835113079,59.15812987054253,71.81931463432527,28.13644933767086,0,0.0,0.0,0.0,0.0,0,1.2040621559262068,OK,OK
422,422_C1,486.4228490172579,0.8439094623889599,False,contour_midpoint,False,OK,22.106689453125,0.5299087895729288,34.61853356235558,41.7179142677394,27.919509638827158,0,0.0,0.0,0.0,0.0,0,1.243857907154035,OK,OK
423,423_C1,4081.1775513162393,0.8689420577712758,False,contour_midpoint,False,OK,71.01587388261225,0.48852842193923307,124.58099767092182,145.36692379270772,26.03682382828567,0,0.0,0.0,0.0,0.0,0,1.2518019635475408,OK,OK
424,424_C1,1407.1585163940667,0.9603055013377245,False,contour_midpoint,False,tortuosity_adjusted,20.59832763671875,0.2685743276617662,73.57666330433034,76.69507289117973,15.033413059690856,0,0.0,0.0,0.0,0.0,0,1.4591331893456145,OK,OK
425,425_C1,1997.8134165495933,0.9684368211977443,False,contour_midpoint,False,OK,39.767604310673164,0.35840883498830706,102.60616739087465,110.95598218713154,19.718128095415366,0,0.0,0.0,0.0,0.0,0,1.1372115574691826,OK,OK
426,426_C1,5552.465606095492,0.9290691313253797,False,contour_midpoint,False,OK,39.73431014157268,0.25933747914975963,146.443524938593,153.21468486484093,14.538654405798885,0,0.0,0.0,0.0,0.0,0,1.4223459914700032,OK,OK
427,427_C1,1400.0467865841963,0.8367883853014008,False,contour_midpoint,False,OK,29.3392333984375,0.3385096840075265,80.60840653635807,86.67176977360909,18.701457776930656,0,0.0,0.0,0.0,0.0,0,1.135256435339176,OK,OK
428,428_C1,30419.371958104275,0.8256982572892737,False,contour_midpoint,False,OK,193.69394591187609,0.5466591279406163,290.33284906154677,354.3230799814196,28.663624554248397,0,0.0,0.0,0.0,0.0,0,1.2018600140361202,OK,OK
429,429_C1,4141.947719837921,1.0336679767154584,True,,False,early_excluded_complex_or_small_polygon,,,,,,,,,,,,,BAD,complexity_ratio_exceeds_threshold;early_excluded_complex_or_small_polygon
430,430_C1,483.0633588059978,0.8507182146491393,False,contour_midpoint,False,OK,11.38067626953125,0.3243422423701016,33.06097262597093,35.08847995366865,17.970068654162056,0,0.0,0.0,0.0,0.0,0,1.076748690046917,OK,OK
431,431_C1,726.1797486855149,0.8702517300661715,False,,False,no_contour_chain,23.204803466796875,,,,,0,0.0,0.0,0.0,0.0,0,,BAD,L<=0;nan_inf;no_contour_chain
432,432_C1,1838.695885338571,0.9023865871809581,False,contour_midpoint,False,OK,77.90276059828432,0.5086962352855965,130.3819249307713,153.14200340906297,26.962269134253983,0,0.0,0.0,0.0,0.0,0,1.1409719605268722,OK,OK
433,433_C1,1489.192337597744,0.8336686785081465,False,contour_midpoint,False,tortuosity_adjusted,26.17132568359375,0.355333854338515,66.45615875718822,73.65277854628842,19.56184812257572,0,0.0,0.0,0.0,0.0,0,1.487890476725569,OK,OK
434,434_C1,539.6361129530678,0.8576560734317014,False,contour_midpoint,False,OK,36.8778076171875,0.6462101273352621,42.57181592957732,57.067826790734934,32.87095375367188,0,0.0,0.0,0.0,0.0,0,1.3189476663620363,BAD,out_of_bounds
435,435_C1,1783.0035266174139,0.9271085180290701,False,contour_midpoint,False,OK,54.475395555781006,0.4980041629834568,93.31169697508116,109.3874300757414,26.47349573292958,0,0.0,0.0,0.0,0.0,0,1.1505219148575423,OK,OK
436,436_C1,657.2265209791602,0.8511896327265523,False,contour_midpoint,False,OK,19.29486083984375,0.39668661880647643,43.55695362635621,48.64005974765876,21.63756518265832,0,0.0,0.0,0.0,0.0,0,1.3600548761767002,OK,OK
437,437_C1,2491.0414617945066,0.8415595074077191,False,contour_midpoint,False,OK,62.73265668283523,0.4948134231232824,108.5961336550274,126.78042621977421,26.32682313971781,0,0.0,0.0,0.0,0.0,0,1.141709810975101,OK,OK
438,438_C1,6391.09282395316,0.8235946684261964,False,contour_midpoint,False,OK,114.46393779554649,0.6043849743977622,148.11203237568773,189.3891189297083,31.148134886777704,0,0.0,0.0,0.0,0.0,0,1.1825550015733373,OK,OK
439,439_C1,4572.917438365762,0.8242719227463695,False,contour_midpoint,False,OK,101.93118023004502,0.6061160560828652,132.44029035377434,168.1710609826008,31.220726286753138,0,0.0,0.0,0.0,0.0,0,1.1082060191213634,OK,OK
440,440_C1,3607.4071981609563,0.8229843719341544,False,contour_midpoint,False,OK,52.37625330525532,0.49204557899520046,91.84897371072513,106.44593822428432,26.199288556334757,0,0.0,0.0,0.0,0.0,0,1.137278522314923,OK,OK
441,441_C1,2357.8341627191157,0.9524131478774436,False,contour_midpoint,False,OK,57.35064698398571,0.4405560665181587,113.07220096529689,130.1778623484733,23.77618160144559,0,0.0,0.0,0.0,0.0,0,1.3592981806611917,OK,OK
442,442_C1,816.0999824044939,0.9016613896778609,False,contour_midpoint,False,OK,28.585235595703125,0.529006632868982,45.51524123816119,54.03568465800839,27.879137270590675,0,0.0,0.0,0.0,0.0,0,1.1918506970447844,OK,OK
443,443_C1,706.3802338765174,1.058431341562788,True,,False,early_excluded_complex_or_small_polygon,,,,,,,,,,,,,BAD,complexity_ratio_exceeds_threshold;early_excluded_complex_or_small_polygon
444,444_C1,1882.7317466363297,0.9022088706203327,False,contour_midpoint,False,OK,38.22826578702836,0.3858437221515808,89.65508967483288,99.07707082508959,21.09879493526914,0,0.0,0.0,0.0,0.0,0,1.2822482681787488,OK,OK
445,445_C1,1899.0340283579435,0.8507913743614735,False,contour_midpoint,False,OK,64.21609497070312,0.6083065851829852,83.0006627958682,105.56534572346645,31.31242465949991,0,0.0,0.0,0.0,0.0,0,1.1068161708397117,OK,OK
446,446_C1,2424.1898336484974,0.9331395918301636,False,contour_midpoint,False,OK,81.92501922740064,0.5466140575160404,123.38852410258525,149.87726367611126,28.661636317325044,0,0.0,0.0,0.0,0.0,0,1.1451249557302619,OK,OK
447,447_C1,778.5994702713002,0.8196065945307048,False,contour_midpoint,False,OK,26.31512451171875,0.5502910914516783,39.54360931492164,47.82037165511612,28.82359701479514,0,0.0,0.0,0.0,0.0,0,1.1798125652071223,OK,OK
448,448_C1,711.2181340908875,0.9003073980742908,False,contour_midpoint,False,OK,20.991058349609375,0.4055397941589838,46.13700355021639,51.760785629289565,22.074512285954555,0,0.0,0.0,0.0,0.0,0,1.2327789119594692,OK,OK
449,449_C1,10130.505292904574,1.0155441962408036,True,,False,early_excluded_complex_or_small_polygon,,,,,,,,,,,,,BAD,complexity_ratio_exceeds_threshold;early_excluded_complex_or_small_polygon
450,450_C1,2728.1086482423207,0.8474424093237553,False,contour_midpoint,False,OK,47.07761539109947,0.5141139646598283,77.51717980685356,91.57038833257354,27.208328800890047,0,0.0,0.0,0.0,0.0,0,1.1456236568944183,OK,OK
451,451_C1,4424.1347744362565,1.082397817306684,True,,False,early_excluded_complex_or_small_polygon,,,,,,,,,,,,,BAD,complexity_ratio_exceeds_threshold;early_excluded_complex_or_small_polygon
452,452_C1,2728.332231339125,0.9795535264867382,False,contour_midpoint,False,tortuosity_adjusted;tortuosity_excess_contour,22.054980604132425,0.17059382560331635,124.46014487280645,129.2835806110422,9.681110102917044,0,0.0,0.0,0.0,0.0,0,1.9770652175237393,OK,OK
453,453_C1,632.913554732363,0.8273142334661941,False,contour_midpoint,False,OK,10.024566650390625,0.2198554071167069,44.44587044195302,45.59617969763753,12.399516187373408,0,0.0,0.0,0.0,0.0,0,1.1663211813060081,OK,OK
454,454_C1,890.9241125745048,0.8794318509681821,False,contour_midpoint,False,OK,40.485687255859375,0.5545771486909138,57.976921233661024,73.0028046619417,29.01174908690558,0,0.0,0.0,0.0,0.0,0,1.2455839965684938,OK,OK
455,455_C1,571.0056256821724,0.8291543831298392,False,contour_midpoint,False,OK,20.87811279296875,0.5457938854064104,31.297094270028467,38.25274220033161,28.62544206589204,0,0.0,0.0,0.0,0.0,0,1.1657809024516912,OK,OK
456,456_C1,4291.403360609171,0.8640106513661218,False,contour_midpoint,False,OK,109.72771515560544,0.5608376691889988,159.03607216584814,195.64968828552043,29.28535021710139,0,0.0,0.0,0.0,0.0,0,1.0587480928198714,OK,OK
457,457_C1,878.1872963448229,0.8975018346614053,False,contour_midpoint,False,OK,57.855926513671875,0.613065351511895,74.16445351484704,94.37154843442384,31.511018760230485,0,0.0,0.0,0.0,0.0,0,1.0726164682000079,OK,OK
458,458_C1,588.3180813255527,0.8363579188927343,False,contour_midpoint,False,OK,20.918701171875,0.46339665985626144,39.294733200588794,45.142106070345136,24.8628487797163,0,0.0,0.0,0.0,0.0,0,1.27461465408317,OK,OK
459,459_C1,1773.685663686174,0.9091460304146247,False,contour_midpoint,False,OK,34.0566053839575,0.3721410534325634,84.08516143392808,91.51531407197724,20.4123000461868,0,0.0,0.0,0.0,0.0,0,1.2805045874722571,OK,OK
460,460_C1,1042.6682295626922,0.9282759320657389,False,contour_midpoint,False,OK,50.465118408203125,0.5919071969443983,66.81271529536077,85.2584977319403,30.621595227782688,0,0.0,0.0,0.0,0.0,0,1.3550348813227941,OK,OK
461,461_C1,5937.986567035063,0.9360695674809255,False,contour_midpoint,False,tortuosity_adjusted;tortuosity_excess_contour,66.88926913166335,0.2594644507716839,236.19736117133957,257.79743210572866,14.545470684236477,0,0.0,0.0,0.0,0.0,0,1.7269641655327428,OK,OK
462,462_C1,2014.4846977975815,0.8920326889898373,False,contour_midpoint,False,OK,68.18589003654608,0.5619121707026842,99.47822162209994,121.34617043670376,29.332162204670222,0,0.0,0.0,0.0,0.0,0,1.046804666456033,OK,OK
463,463_C1,1424.2425061325246,0.937898787222688,False,contour_midpoint,False,OK,76.74979006881938,0.5753849685618303,108.01335803868808,133.38859070415901,29.91547555736741,0,0.0,0.0,0.0,0.0,0,1.0571670050589017,OK,OK
464,464_C1,1058.2678475996538,0.9477538204332316,False,contour_midpoint,False,OK,76.49047686020367,0.5686113980472275,108.73249491497116,134.52153284808153,29.62305371163378,0,0.0,0.0,0.0,0.0,0,1.1843513334574858,OK,OK
465,465_C1,3098.1401865464877,0.8590502215901955,False,,False,no_contour_chain,30.497976427509002,,,,,0,0.0,0.0,0.0,0.0,0,,BAD,L<=0;nan_inf;no_contour_chain
466,466_C1,529.5725235638669,0.7908003602179496,False,contour_midpoint,False,OK,21.86041259765625,0.5219565566891329,35.70188470718661,41.881670643857596,27.56260278968747,0,0.0,0.0,0.0,0.0,0,1.057627892453616,OK,OK
467,467_C1,437.47705296337205,0.8861845936560901,False,contour_midpoint,False,OK,20.01312255859375,0.49601002770342445,34.69326897977837,40.348221690711554,26.381872590821253,0,0.0,0.0,0.0,0.0,0,1.3889369315335889,OK,OK
468,468_C1,1720.2651679610747,0.9993504471995346,False,,False,no_contour_chain,38.593001177360065,,,,,0,0.0,0.0,0.0,0.0,0,,BAD,L<=0;nan_inf;no_contour_chain
469,469_C1,2263.878223835532,0.9541490753468477,False,,False,no_contour_chain,41.58409750308044,,,,,0,0.0,0.0,0.0,0.0,0,,BAD,L<=0;nan_inf;no_contour_chain
470,470_C1,2424.145503215948,0.9426384063944937,False,contour_midpoint,False,OK,42.04544571203871,0.48726252614212073,72.73085644016398,86.28910178037218,25.9782389942922,0,0.0,0.0,0.0,0.0,0,1.2477392044594586,OK,OK
471,471_C1,1167.1656774684443,0.947125969319393,False,contour_midpoint,False,tortuosity_adjusted;tortuosity_excess_contour,14.50848388671875,0.33503395647851675,40.279630692560545,43.304517665059635,18.52259871256944,0,0.0,0.0,0.0,0.0,0,1.519618884155955,OK,OK
472,472_C1,819.2773291752126,0.8082049327992813,False,contour_midpoint,False,OK,14.5943603515625,0.3112903161119948,44.45465994064359,46.8834383730453,17.290859477465506,0,0.0,0.0,0.0,0.0,0,1.2448188545241587,OK,OK
473,473_C1,785.343000563514,0.8726996235571057,False,contour_midpoint,False,OK,51.787506103515625,0.6729279730436648,56.056360626289575,76.95846833247226,33.93771323726689,0,0.0,0.0,0.0,0.0,0,1.0536822324159354,BAD,out_of_bounds
474,474_C1,2565.612141632329,0.8871226698357579,False,contour_midpoint,False,OK,69.15554077695515,0.4711214126211142,124.78830417591439,146.7892117070287,25.226128723443335,0,0.0,0.0,0.0,0.0,0,1.1737926441258244,OK,OK
475,475_C1,1267.8876065933139,0.8223161647005731,False,contour_midpoint,False,OK,35.188629150390625,0.4546225550366031,68.60847385663811,77.40185514455497,24.44761577998085,0,0.0,0.0,0.0,0.0,0,1.0448036306749595,OK,OK
476,476_C1,3960.2191245079966,0.9390019164354858,False,,False,no_contour_chain,58.158101768748224,,,,,0,0.0,0.0,0.0,0.0,0,,BAD,L<=0;nan_inf;no_contour_chain
477,477_C1,766.575889840752,0.8440522322612476,False,,False,no_contour_chain,22.5426025390625,,,,,0,0.0,0.0,0.0,0.0,0,,BAD,L<=0;nan_inf;no_contour_chain
478,478_C1,1905.483251219643,0.9332160792815409,False,contour_midpoint,False,OK,54.65027333902731,0.477741314333398,97.47676029315919,114.39302337768699,25.53573343858837,0,0.0,0.0,0.0,0.0,0,1.3842207957876913,OK,OK
479,479_C1,1778.9055297744583,0.9016373075874109,False,contour_midpoint,False,OK,69.69457096351732,0.5879534534093557,91.9907359685074,118.53756544736764,30.453546388286124,0,0.0,0.0,0.0,0.0,0,1.056068922673105,OK,OK
480,480_C1,6850.475058583693,0.8889995418832485,False,contour_midpoint,False,OK,70.35721689126524,0.5361673148642957,106.57100453353917,131.22250264187159,28.19875481013556,0,0.0,0.0,0.0,0.0,0,1.2491333792936565,OK,OK
481,481_C1,29974.633648007948,1.0154768825176694,True,,False,early_excluded_complex_or_small_polygon,,,,,,,,,,,,,BAD,complexity_ratio_exceeds_threshold;early_excluded_complex_or_small_polygon
482,482_C1,1354.345636080372,0.801037774434707,False,contour_midpoint,False,OK,33.101593017578125,0.5467167530375382,50.51927242629496,60.54614722096386,28.666166518173387,0,0.0,0.0,0.0,0.0,0,1.080534039568158,OK,OK
483,483_C1,14148.699628879649,0.9184861594535728,False,,False,no_contour_chain,101.71210120624266,,,,,0,0.0,0.0,0.0,0.0,0,,BAD,L<=0;nan_inf;no_contour_chain
484,484_C1,355.24926496913594,0.8312597460836302,False,contour_midpoint,False,OK,14.98089599609375,0.4976648204506719,25.409638532082006,30.10238092081223,26.457914482395914,0,0.0,0.0,0.0,0.0,0,1.3485485199507796,OK,OK
485,485_C1,1167.3145644604194,0.890010377310203,False,contour_midpoint,False,OK,71.27310180664062,0.6503589003924989,82.69972263096265,109.59041502103916,33.03832105704857,0,0.0,0.0,0.0,0.0,0,1.0971455063804116,BAD,out_of_bounds
486,486_C1,2547.7876399192232,0.9956970856136877,False,contour_midpoint,False,OK,67.56137084960938,0.5676663265259246,94.64570739804911,119.01599177650698,29.582118305058668,0,0.0,0.0,0.0,0.0,0,1.478380103466371,OK,OK
487,487_C1,29364.94796239255,0.8372189678942328,False,contour_midpoint,False,OK,216.20903655853942,0.6116845464934696,269.05578347973614,353.46493188028853,31.453481215788823,0,0.0,0.0,0.0,0.0,0,1.06894405993922,OK,OK
488,488_C1,787.1831935511358,0.8416194306346787,False,contour_midpoint,False,tortuosity_adjusted,10.0025634765625,0.16317797059991238,59.55979320896876,61.298491700741074,9.267727672852072,0,0.0,0.0,0.0,0.0,0,1.4960316027657548,OK,OK
489,489_C1,1726.4127344634667,0.8862749932932943,False,contour_midpoint,False,OK,49.19138663316585,0.4436431755610948,98.59804986072095,110.88052142569614,23.92414092336898,0,0.0,0.0,0.0,0.0,0,1.0617423626853575,OK,OK
490,490_C1,6477.046178745809,0.904858956365027,False,contour_midpoint,False,OK,106.96988207077129,0.5827080037140242,145.11303737922842,183.5737305631191,30.22969755779979,0,0.0,0.0,0.0,0.0,0,1.2073741922091739,OK,OK
491,491_C1,5350.089166443752,0.8656520384463485,False,contour_midpoint,False,OK,114.92403626978535,0.4844303678045413,204.8545299722575,237.23540865248785,25.8469569887328,0,0.0,0.0,0.0,0.0,0,1.1493054893531154,OK,OK
492,492_C1,2701.9840118162233,0.8403015456072598,False,,False,no_contour_chain,45.6290283203125,,,,,0,0.0,0.0,0.0,0.0,0,,BAD,L<=0;nan_inf;no_contour_chain
493,493_C1,5145.084026890935,0.9296826731257439,False,contour_midpoint,False,OK,51.917980060377204,0.3486295076379899,138.2594864884712,148.92021163707068,19.220062291793965,0,0.0,0.0,0.0,0.0,0,1.172428797574793,OK,OK
494,494_C1,1193.8575479582485,0.8934453294369465,False,contour_midpoint,False,tortuosity_adjusted,6.542510986328125,0.09235488714308095,70.25264496814208,70.84098295948465,5.276577164760896,0,0.0,0.0,0.0,0.0,0,1.481242955575608,OK,OK
495,495_C1,749.4840835273252,0.8925348718435047,False,,False,no_contour_chain,5.34442138671875,,,,,0,0.0,0.0,0.0,0.0,0,,BAD,L<=0;nan_inf;no_contour_chain
496,496_C1,1644.9714033014623,0.923841594013113,False,contour_midpoint,False,tortuosity_adjusted;tortuosity_excess_contour,13.11297607421875,0.17299111703366496,73.52006290662409,75.80144171025208,9.814527234047635,0,0.0,0.0,0.0,0.0,0,2.878828395546062,OK,OK
497,497_C1,301.3844498167662,0.8894770433584751,False,contour_midpoint,False,OK,24.4466552734375,0.6634102743830115,27.22801457522703,36.84997989543275,33.56070425670463,0,0.0,0.0,0.0,0.0,0,1.153583933853483,BAD,out_of_bounds
498,498_C1,412.2198126128438,0.8140231130086413,False,contour_midpoint,False,OK,13.17755126953125,0.4071232251165977,29.239046150458893,32.36747612656408,22.15237984376857,0,0.0,0.0,0.0,0.0,0,1.032647361576188,OK,OK
499,499_C1,400.7894382762629,0.8668670983174406,False,contour_midpoint,False,tortuosity_adjusted,9.57305908203125,0.44264159778675766,18.86204336449888,21.627111256369236,23.8761742159748,0,0.0,0.0,0.0,0.0,0,1.359147053762002,OK,OK
500,500_C1,340.2290723508082,0.8644847112540595,False,contour_midpoint,False,OK,15.23089599609375,0.417329222046857,32.94577971861597,36.496116714260786,22.652203339436507,0,0.0,0.0,0.0,0.0,0,1.1492889531193737,OK,OK
501,501_C1,6041.120578660059,0.9206760800290825,False,contour_midpoint,False,tortuosity_adjusted;tortuosity_excess_contour,96.99829604043316,0.4424689879669769,187.09244506651197,219.22055257728593,23.867904139234504,0,0.0,0.0,0.0,0.0,0,1.6645733818571742,OK,OK
502,502_C1,7933.958880189581,0.8283221206172783,False,contour_midpoint,False,OK,79.33726493595077,0.5215761478605973,127.09282516245416,152.11060793592006,27.545470944933367,0,0.0,0.0,0.0,0.0,0,1.196109975069305,OK,OK
503,503_C1,2728.417629779866,0.8335148686416894,False,contour_midpoint,False,OK,49.84847825602162,0.548860037591942,74.88007182610102,90.82183952529297,28.760623705607696,0,0.0,0.0,0.0,0.0,0,1.2499241786158064,OK,OK
504,504_C1,1910.279202757268,0.8796483767170701,False,contour_midpoint,False,OK,61.20035659374605,0.4982187253979031,103.4035626098684,122.83833078507497,26.483345402772073,0,0.0,0.0,0.0,0.0,0,1.1231607340094412,OK,OK
505,505_C1,417.1125286498475,0.8022637109437594,False,contour_midpoint,False,OK,26.69677734375,0.6135684817241994,33.56251377679496,43.51067262896054,31.53196638782017,0,0.0,0.0,0.0,0.0,0,1.1390376791811294,OK,OK
506,506_C1,2994.8828818658053,0.9159838776074737,False,,False,no_contour_chain,52.89410400390625,,,,,0,0.0,0.0,0.0,0.0,0,,BAD,L<=0;nan_inf;no_contour_chain
507,507_C1,806.0081248145732,0.8090721950137163,False,contour_midpoint,False,OK,25.8707275390625,0.5424488825651941,39.1962048743782,47.692470886329524,28.477568249501125,0,0.0,0.0,0.0,0.0,0,1.200504423985701,OK,OK
508,508_C1,434.94197160967815,0.7965403389831532,False,contour_midpoint,False,OK,15.795166015625,0.47908894538068947,28.772038477221326,32.96917235916179,25.59856585819118,0,0.0,0.0,0.0,0.0,0,1.0712726369228087,OK,OK
509,509_C1,447.2960375781701,0.7939189991838019,False,contour_midpoint,False,OK,19.03106689453125,0.5478279544158019,28.622890044814948,34.73913067255902,28.715159826667783,0,0.0,0.0,0.0,0.0,0,1.1052746744723558,OK,OK
510,510_C1,1882.8334626114404,0.8418667279237533,False,contour_midpoint,False,OK,62.236602783203125,0.6001318917050653,80.95925735657309,103.70487495070381,30.96931270732447,0,0.0,0.0,0.0,0.0,0,1.0646580009865467,OK,OK
511,511_C1,532.3047967170031,0.9489132944662987,False,contour_midpoint,False,OK,11.238739013671875,0.2661832992326207,40.57689609426387,42.221803719737544,14.905557820526452,0,0.0,0.0,0.0,0.0,0,1.3389534810050803,OK,OK
512,512_C1,799.1000457577755,0.8344007927727644,False,contour_midpoint,False,OK,20.7181396484375,0.4372638380770283,41.94798979668455,47.381324144137885,23.618019510207986,0,0.0,0.0,0.0,0.0,0,1.1154524889214164,OK,OK
513,513_C1,1315.5374915277087,0.8036568472577675,False,contour_midpoint,False,OK,33.797576904296875,0.5141408091899822,54.74389103052647,65.73603242571667,27.209545320285212,0,0.0,0.0,0.0,0.0,0,1.1388203336390532,OK,OK
514,514_C1,615.4728227533878,0.8114617059191193,False,contour_midpoint,False,OK,16.904296875,0.4490658995881967,33.56374447402927,37.64324320885111,24.183222477682378,0,0.0,0.0,0.0,0.0,0,1.2009296821069897,OK,OK
515,515_C1,1121.3873127481945,0.8136576019411175,False,contour_midpoint,False,OK,39.94232177734375,0.5729229820196509,56.83643800962665,69.7167386033988,29.809386630255972,0,0.0,0.0,0.0,0.0,0,1.0353428247305003,OK,OK
516,516_C1,313.19686114472415,0.8541860701457107,False,contour_midpoint,False,OK,15.0115966796875,0.5252097930069417,23.622978709388747,28.582095915886878,27.708895025387854,0,0.0,0.0,0.0,0.0,0,1.1009431836559012,OK,OK
517,517_C1,606.9000587539302,0.8411480061455608,False,contour_midpoint,False,OK,20.58404541015625,0.5392888391883682,31.561923858979867,38.168869656444805,28.33748959804832,0,0.0,0.0,0.0,0.0,0,1.1965596733520956,OK,OK
518,518_C1,763.928649948123,0.8817573811338879,False,contour_midpoint,False,OK,12.5531005859375,0.2815685161343412,41.80799628956244,44.5827564753305,15.725548299191919,0,0.0,0.0,0.0,0.0,0,1.076955803399386,OK,OK
519,519_C1,705.3032800751507,0.8307517444010958,False,contour_midpoint,False,OK,35.482513427734375,0.6533560444293599,40.22041045359718,54.30808168113719,33.1588358526332,0,0.0,0.0,0.0,0.0,0,1.1578286008117442,BAD,out_of_bounds
520,520_C1,1690.1214709701137,0.8673702003497987,False,,False,no_contour_chain,10.889020316601545,,,,,0,0.0,0.0,0.0,0.0,0,,BAD,L<=0;nan_inf;no_contour_chain
521,521_C1,11246.902905262374,0.9033389767556802,False,contour_midpoint,False,OK,110.60212493168433,0.5052511172026704,186.37415162825212,218.9052555569486,26.805238748659686,0,0.0,0.0,0.0,0.0,0,1.139356789399477,OK,OK
522,522_C1,5453.465164967298,1.0516301472474237,True,,False,early_excluded_complex_or_small_polygon,,,,,,,,,,,,,BAD,complexity_ratio_exceeds_threshold;early_excluded_complex_or_small_polygon
523,523_C1,2956.977366171527,0.9003941296534431,False,contour_midpoint,False,OK,61.22867907331761,0.4138679754129825,129.61660401456393,147.94253895150968,22.483097002565398,0,0.0,0.0,0.0,0.0,0,1.156301214902969,OK,OK
524,524_C1,615.9483591129069,0.8202652665252824,False,contour_midpoint,False,OK,19.63250732421875,0.5565117358270645,29.24492631411806,35.2777957054971,29.096451186102456,0,0.0,0.0,0.0,0.0,0,1.152203023694337,OK,OK
525,525_C1,4677.772767997792,0.8823120668805868,False,contour_midpoint,False,OK,70.5078295984049,0.5749162319664843,98.17688798676367,122.64017900005173,29.895294715258885,0,0.0,0.0,0.0,0.0,0,1.288630722463264,OK,OK
526,526_C1,8630.910520922,0.8309577623078435,False,contour_midpoint,False,OK,95.22190185982481,0.5400663102111125,146.7186316043408,176.31520437296388,28.371987753409933,0,0.0,0.0,0.0,0.0,0,1.0917357603377074,OK,OK
527,527_C1,13604.475982247752,0.9139887159289691,False,contour_midpoint,False,OK,99.0828589616358,0.43308529780324717,201.5656363432748,228.78370488265716,23.416727039383407,0,0.0,0.0,0.0,0.0,0,1.363382687679654,OK,OK
528,528_C1,697.1815117477217,0.9110192643454402,False,contour_midpoint,False,OK,46.97216796875,0.6171832389409707,59.20027877090563,76.10732924204146,31.682189231080503,0,0.0,0.0,0.0,0.0,0,1.0634496637919884,OK,OK
529,529_C1,400.9377060819505,0.8455677659726504,False,contour_midpoint,False,OK,19.72821044921875,0.46956456543819713,35.978793919245135,42.013839845024094,25.15308653263153,0,0.0,0.0,0.0,0.0,0,1.1947887768619725,OK,OK
530,530_C1,237.19568121832503,0.892689563083116,True,,False,early_excluded_complex_or_small_polygon,,,,,,,,,,,,,BAD,early_excluded_complex_or_small_polygon;polygon_area_below_threshold
531,531_C1,1272.7911215025533,0.8809843378607494,False,contour_midpoint,False,OK,25.788330078125,0.31461471630588184,76.84341949113049,81.96797143161125,17.4643426578914,0,0.0,0.0,0.0,0.0,0,1.1219882025253238,OK,OK
532,532_C1,363.6728145298372,0.8408600500169146,False,contour_midpoint,False,OK,15.6875,0.4361409599707151,31.722217741240875,35.968875753044024,23.563987689542415,0,0.0,0.0,0.0,0.0,0,1.2138890223013252,OK,OK
533,533_C1,179.75114421535827,0.8030003802451554,True,,False,early_excluded_complex_or_small_polygon,,,,,,,,,,,,,BAD,early_excluded_complex_or_small_polygon;polygon_area_below_threshold
534,534_C1,1744.5247262084984,0.9650129943790303,False,contour_midpoint,False,OK,36.94818115234375,0.45346504388408243,71.93770769530236,81.47966783915692,24.392630757825497,0,0.0,0.0,0.0,0.0,0,1.1405483826159122,OK,OK
535,535_C1,1782.8543224300797,0.8640122711924889,False,contour_midpoint,False,OK,45.81787109375,0.48558217688418054,81.94046011955727,94.3565750039428,25.900383265406287,0,0.0,0.0,0.0,0.0,0,1.1614669791418464,OK,OK
536,536_C1,2274.984220658164,0.8906964830648528,False,contour_midpoint,False,OK,57.27092630281459,0.4798715281990946,103.01822729014799,119.34637280470902,25.635023004985644,0,0.0,0.0,0.0,0.0,0,1.2165282305639529,OK,OK
537,537_C1,1315.2979662446749,0.9142836269406287,False,contour_midpoint,False,OK,41.44268798828125,0.5507038776281287,62.3027990992456,75.25403337774583,28.84174747062134,0,0.0,0.0,0.0,0.0,0,1.1941152317570234,OK,OK
538,538_C1,1219.8300728082029,0.8534648920578415,False,contour_midpoint,False,OK,34.798431396484375,0.5675036075295722,49.308789578966454,61.31843205009239,29.575066841355646,0,0.0,0.0,0.0,0.0,0,1.224711123271759,OK,OK
539,539_C1,2484.004516767974,1.169304777395581,True,,False,early_excluded_complex_or_small_polygon,,,,,,,,,,,,,BAD,complexity_ratio_exceeds_threshold;early_excluded_complex_or_small_polygon
540,540_C1,2359.662094006115,0.9163929008589745,False,contour_midpoint,False,OK,55.740264892578125,0.5337223784990163,85.5582992887505,104.43681422790642,28.089838441534297,0,0.0,0.0,0.0,0.0,0,1.3003896024842014,OK,OK
541,541_C1,1834.1241081710539,0.8039151084425444,False,contour_midpoint,False,OK,69.009521484375,0.6171447611364583,86.5621082756653,111.82063890049962,31.680592714657262,0,0.0,0.0,0.0,0.0,0,1.1434939012226053,OK,OK
542,542_C1,1809.8517803644324,0.9214814202934684,False,,False,no_contour_chain,100.23894507654256,,,,,0,0.0,0.0,0.0,0.0,0,,BAD,L<=0;nan_inf;no_contour_chain
543,543_C1,3064.3806736402394,0.8701302600800188,False,contour_midpoint,False,OK,109.03827323432324,0.6307871210979543,132.07127325931944,172.86065232994952,32.24320112060531,0,0.0,0.0,0.0,0.0,0,1.0848648452208334,BAD,out_of_bounds
544,544_C1,695.66706016422,0.8395914444732406,False,,False,no_contour_chain,31.06182861328125,,,,,0,0.0,0.0,0.0,0.0,0,,BAD,L<=0;nan_inf;no_contour_chain
545,545_C1,4020.348576808577,0.9248800753360179,False,,False,no_contour_chain,73.41088132554603,,,,,0,0.0,0.0,0.0,0.0,0,,BAD,L<=0;nan_inf;no_contour_chain
546,546_C1,1323.9133779730341,0.8402293056933772,False,contour_midpoint,False,OK,25.59173583984375,0.4061839228276274,56.680903583492835,63.0052899723068,22.10619864127264,0,0.0,0.0,0.0,0.0,0,1.4189936526035563,OK,OK
547,547_C1,2674.42384850485,0.9114734775189691,False,contour_midpoint,False,OK,81.12584821678888,0.546792974652987,121.07881467712339,148.36666156560267,28.66952862412922,0,0.0,0.0,0.0,0.0,0,1.1644461887246815,OK,OK
548,548_C1,1135.968692957688,0.8320934140122331,False,contour_midpoint,False,OK,50.71929931640625,0.635284542159281,59.594396105285625,79.8371374565725,32.42716411663649,0,0.0,0.0,0.0,0.0,0,1.2282178979610383,BAD,out_of_bounds
549,549_C1,2711.957092454849,0.8500274422874183,False,contour_midpoint,False,OK,71.13263862089411,0.5747237213092768,98.92249809862066,123.76840555466723,29.887004051630488,0,0.0,0.0,0.0,0.0,0,1.0933923876474052,OK,OK
550,550_C1,5225.874748336118,0.9509390383765282,False,contour_midpoint,False,OK,94.55031497668699,0.42515162058445033,196.42231567690607,222.3919900545361,23.032849760061552,0,0.0,0.0,0.0,0.0,0,1.3324692373847014,OK,OK
551,551_C1,646.4665380807376,0.848196413827744,False,contour_midpoint,False,OK,32.547698974609375,0.6399599161946352,38.69914468226652,50.85896499291126,32.617613761692745,0,0.0,0.0,0.0,0.0,0,1.060754276586489,BAD,out_of_bounds
552,552_C1,310.8229890085667,0.9503347983764671,False,,False,no_contour_chain,6.58123779296875,,,,,0,0.0,0.0,0.0,0.0,0,,BAD,L<=0;nan_inf;no_contour_chain
553,553_C1,1103.4218110326315,1.0083792086161945,True,,False,early_excluded_complex_or_small_polygon,,,,,,,,,,,,,BAD,complexity_ratio_exceeds_threshold;early_excluded_complex_or_small_polygon
554,554_C1,157.88287011485687,0.8985484376450338,True,,False,early_excluded_complex_or_small_polygon,,,,,,,,,,,,,BAD,early_excluded_complex_or_small_polygon;polygon_area_below_threshold
555,555_C1,1077.9360114131432,0.9702784089788674,False,,False,no_contour_chain,12.340362548828125,,,,,0,0.0,0.0,0.0,0.0,0,,BAD,L<=0;nan_inf;no_contour_chain
556,556_C1,3890.100883927949,0.9588447916588394,False,contour_midpoint,False,OK,66.82284172739878,0.46099684384803064,125.94800056313855,144.95292672638598,24.749552483156045,0,0.0,0.0,0.0,0.0,0,1.3685574583540419,OK,OK
557,557_C1,3302.4327077270136,0.8672626661778737,False,contour_midpoint,False,OK,84.49475069377911,0.53323996400812,131.7473175122394,158.45539793880198,28.068321807734574,0,0.0,0.0,0.0,0.0,0,1.2261912293966712,OK,OK
558,558_C1,2184.0241914113994,0.8494322885797583,False,contour_midpoint,False,OK,51.934194215589514,0.48256372278950616,91.26913728976555,107.62142233854401,25.760270711913066,0,0.0,0.0,0.0,0.0,0,1.2926019229545105,OK,OK
559,559_C1,2130.478370739419,0.8839419482557119,False,contour_midpoint,False,OK,29.71038818359375,0.4544629906537169,57.47248191481532,65.37471432130742,24.440038872555043,0,0.0,0.0,0.0,0.0,0,1.3194400445674486,OK,OK
560,560_C1,893.2677604140835,0.9023076659930175,False,contour_midpoint,False,OK,12.21923828125,0.18005854954364242,66.40810733752075,67.86258309988392,10.207223050959811,0,0.0,0.0,0.0,0.0,0,1.0192353419406688,OK,OK
561,561_C1,775.4993766352437,0.8307737437416581,False,contour_midpoint,False,OK,16.333587646484375,0.41595322925156186,35.13931190182984,39.26784671409795,22.585026061624436,0,0.0,0.0,0.0,0.0,0,1.1280297028483037,OK,OK
562,562_C1,1195.9897904985967,0.9001372077297345,False,contour_midpoint,False,OK,45.70849609375,0.5292431309681498,72.44942585725687,86.36578052536079,27.889723698155844,0,0.0,0.0,0.0,0.0,0,1.1622418670647516,OK,OK
563,563_C1,724.3691553500493,0.8992631076141979,False,contour_midpoint,False,OK,14.63592529296875,0.34746128513173835,39.270118592538324,42.122463477965916,19.16036013318999,0,0.0,0.0,0.0,0.0,0,1.2248041185848952,OK,OK
564,564_C1,2540.4438590679774,0.9237838018003521,False,contour_midpoint,False,OK,119.24618682518258,0.5945998021914908,159.96141850103405,200.54864866365926,30.73570814020694,0,0.0,0.0,0.0,0.0,0,1.0679155695251732,OK,OK
565,565_C1,545.5156979025043,0.8219769804251137,False,contour_midpoint,False,OK,8.81787109375,0.212842381835066,40.33609785192985,41.429113025915434,12.01566747577422,0,0.0,0.0,0.0,0.0,0,1.1162245648108446,OK,OK
566,566_C1,925.7672076822474,0.8930328680875856,False,contour_midpoint,False,OK,30.08349609375,0.42677540114411455,62.70705380472759,70.49022978620863,23.111597203348634,0,0.0,0.0,0.0,0.0,0,1.1354399555798285,OK,OK
567,567_C1,1033.3359868563948,0.9210696630875037,False,contour_midpoint,False,OK,41.057952880859375,0.590374650630738,55.57475091513324,69.54558912208431,30.55652531571465,0,0.0,0.0,0.0,0.0,0,1.1558386688234545,OK,OK
568,568_C1,2237.518128301362,1.034441382155514,True,,False,early_excluded_complex_or_small_polygon,,,,,,,,,,,,,BAD,complexity_ratio_exceeds_threshold;early_excluded_complex_or_small_polygon
569,569_C1,3242.9496400313333,0.9301052960754215,False,contour_midpoint,False,OK,95.87226114236898,0.6497723665333915,109.37798943569877,147.54745827967147,33.01469792939577,0,0.0,0.0,0.0,0.0,0,1.1760587210814142,BAD,out_of_bounds
570,570_C1,1150.4369147220561,0.8576245463454644,False,contour_midpoint,False,OK,8.56787109375,0.21941766226012382,37.873735373659244,39.048228868615986,12.375589484030327,0,0.0,0.0,0.0,0.0,0,1.2197950690054575,OK,OK
571,571_C1,2217.4841401026692,0.8784895132753157,False,contour_midpoint,False,OK,66.50810391035509,0.5749188212654586,89.01682908198653,115.68259978680739,29.895406216604222,0,0.0,0.0,0.0,0.0,0,1.2308311820495523,OK,OK
572,572_C1,270.258923436481,0.8420484786234381,False,contour_midpoint,False,OK,11.1785888671875,0.3379874747976823,30.84233449697097,33.07397374378725,18.674609196097812,0,0.0,0.0,0.0,0.0,0,1.133857780227455,OK,OK
573,573_C1,2017.3751507412821,0.8994705757958347,False,contour_midpoint,False,OK,75.72686767578125,0.6432583806779236,85.73755391111075,117.72387263104673,32.751490053534724,0,0.0,0.0,0.0,0.0,0,1.2061704192336995,BAD,out_of_bounds
574,574_C1,333.2513077071847,0.8469592284163154,False,contour_midpoint,False,OK,7.07879638671875,0.2780820049795487,23.933010993865963,25.45578735754352,15.540292027242918,0,0.0,0.0,0.0,0.0,0,1.2297814003886898,OK,OK
575,575_C1,570.1497147622046,0.875495944447786,False,contour_midpoint,False,OK,10.94281005859375,0.2523221262190588,41.86352700372504,43.368412523178876,14.161396564324056,0,0.0,0.0,0.0,0.0,0,1.3286741821631733,OK,OK
576,576_C1,201.3643058566752,0.8098285343335802,True,,False,early_excluded_complex_or_small_polygon,,,,,,,,,,,,,BAD,early_excluded_complex_or_small_polygon;polygon_area_below_threshold
577,577_C1,282.3922687497086,0.8203254304760551,False,contour_midpoint,False,tortuosity_adjusted,4.03509521484375,0.21729301008904495,17.9677986334752,18.569834405580742,12.259395916683724,0,0.0,0.0,0.0,0.0,0,1.3757671808190353,OK,OK
578,578_C1,1066.1154828616666,0.8356765633112497,False,contour_midpoint,False,OK,35.157257080078125,0.5134279199066676,58.096640446436126,68.47554586916331,27.17723015011007,0,0.0,0.0,0.0,0.0,0,1.0778222895542982,OK,OK
579,579_C1,1200.4289689933498,0.8381286424612572,False,contour_midpoint,False,OK,13.860870361328125,0.19241775235003464,70.55038849365125,72.03529919689154,10.891608014288149,0,0.0,0.0,0.0,0.0,0,1.0403675367241279,OK,OK
580,580_C1,844.0330344192033,0.857291599022728,False,contour_midpoint,False,OK,13.617340087890625,0.2928543968188685,44.150599153624356,46.498670451285726,16.3229013206498,0,0.0,0.0,0.0,0.0,0,1.0298209743244435,OK,OK
581,581_C1,1191.5772955970929,0.8310627536380698,False,contour_midpoint,False,OK,18.27398681640625,0.32253029722148274,52.90171062112579,56.658202264506755,17.876083720267577,0,0.0,0.0,0.0,0.0,0,1.3171937376937288,OK,OK
582,582_C1,280.1918386748329,0.8047554811988661,False,contour_midpoint,False,OK,5.94232177734375,0.23561142913296823,24.36900124966875,25.220855368566088,13.257745568113386,0,0.0,0.0,0.0,0.0,0,1.1270974784713772,OK,OK
583,583_C1,672.6886916282964,0.8830710989194338,False,contour_midpoint,False,tortuosity_adjusted,28.36248779296875,0.37576732721957745,65.41754854692431,75.47885550037536,20.59457980923267,0,0.0,0.0,0.0,0.0,0,1.4834551059350247,OK,OK
584,584_C1,3602.072387497487,0.8537677236026692,False,contour_midpoint,False,tortuosity_adjusted,50.48239508430618,0.43749318786765223,102.81323393945233,115.39012831344428,23.62905012837224,0,0.0,0.0,0.0,0.0,0,1.4934988258437287,OK,OK
585,585_C1,934.2991577171264,0.8427640416313085,False,contour_midpoint,False,OK,27.032745361328125,0.42008095971351844,57.83184752380554,64.35127500128446,22.78634870550258,0,0.0,0.0,0.0,0.0,0,1.2055860761627262,OK,OK
586,586_C1,2572.613376370443,0.9345383825039896,False,,False,no_contour_chain,44.901128164321335,,,,,0,0.0,0.0,0.0,0.0,0,,BAD,L<=0;nan_inf;no_contour_chain
587,587_C1,2845.522926468552,0.840228587677016,False,,False,no_contour_chain,44.56373712639163,,,,,0,0.0,0.0,0.0,0.0,0,,BAD,L<=0;nan_inf;no_contour_chain
588,588_C1,1743.786346544849,0.912291795640148,False,contour_midpoint,False,tortuosity_adjusted;tortuosity_excess_contour,38.92230224609375,0.3036716271155751,119.14327185550006,128.17233738890008,16.89204751206927,0,0.0,0.0,0.0,0.0,0,1.5733243397450771,OK,OK
589,589_C1,847.7915532603366,0.8487446032174574,False,contour_midpoint,False,OK,27.206634521484375,0.4781951651003637,49.49841574007435,56.89441572621137,25.5569012975736,0,0.0,0.0,0.0,0.0,0,1.1862449095867633,OK,OK
590,590_C1,566.2748919462626,0.8547856928274081,False,contour_midpoint,False,OK,21.247161865234375,0.4443427435072807,42.17564051604978,47.81705603545258,23.95762291677537,0,0.0,0.0,0.0,0.0,0,1.2087170374946847,OK,OK
591,591_C1,275.208323407456,0.8147734045453855,False,contour_midpoint,False,OK,13.525146484375,0.5951293859857476,17.748401933995893,22.726396650658593,30.75812022805619,0,0.0,0.0,0.0,0.0,0,1.2706101118800464,OK,OK
592,592_C1,259.3653648452933,0.8006554285198841,False,contour_midpoint,False,OK,14.52923583984375,0.4530621892178346,28.338598657703564,32.06896577471403,24.373482794703953,0,0.0,0.0,0.0,0.0,0,1.1537127828063365,OK,OK
593,593_C1,1960.6857874586594,0.8803521271109244,False,contour_midpoint,False,OK,43.47772216796875,0.5036348274766758,71.84185500642982,86.32787050451209,26.73141704329736,0,0.0,0.0,0.0,0.0,0,1.408939338011372,OK,OK
594,594_C1,1056.0537620688585,0.894349760006938,False,,False,no_contour_chain,33.043060302734375,,,,,0,0.0,0.0,0.0,0.0,0,,BAD,L<=0;nan_inf;no_contour_chain
595,595_C1,448.04688981590675,0.8135252570047891,False,contour_midpoint,False,OK,25.68701171875,0.6176648794306724,32.54208257166187,41.58729526993148,31.702168754843004,0,0.0,0.0,0.0,0.0,0,1.1024727155102858,BAD,out_of_bounds
596,596_C1,1216.5766890696757,0.8819987329228015,False,contour_midpoint,False,OK,22.823516845703125,0.35425723307713997,59.212963310554855,64.42639617391602,19.507059105825512,0,0.0,0.0,0.0,0.0,0,1.2346559274354563,OK,OK
597,597_C1,2204.771954131887,0.8683740852647296,False,contour_midpoint,False,tortuosity_adjusted;tortuosity_excess_contour,51.556478229150684,0.3159596271624935,148.17769014061173,163.17425961082026,17.534432969491533,0,0.0,0.0,0.0,0.0,0,2.069376166556615,OK,OK
598,598_C1,820.9669520417599,0.8540633015399774,False,contour_midpoint,False,OK,19.544586181640625,0.41986698404020656,41.84243272573603,46.54947143871887,22.77592696899018,0,0.0,0.0,0.0,0.0,0,1.175879798989622,OK,OK
599,599_C1,444.975865248601,0.8489420313447108,False,contour_midpoint,False,OK,11.7423095703125,0.2970846344682709,37.18440579412037,39.52513259842322,16.545875537208577,0,0.0,0.0,0.0,0.0,0,1.481557450724524,OK,OK
600,600_C1,485.3254565284035,0.8960257583258865,False,contour_midpoint,False,OK,30.820098876953125,0.5821131569893866,42.00208329289994,52.94520233205286,30.20424792089041,0,0.0,0.0,0.0,0.0,0,1.186173233110049,OK,OK
601,601_C1,5904.964147346913,1.213431623221205,True,,False,early_excluded_complex_or_small_polygon,,,,,,,,,,,,,BAD,complexity_ratio_exceeds_threshold;early_excluded_complex_or_small_polygon
602,602_C1,419.6338279771845,0.8070272542230729,False,contour_midpoint,False,OK,20.0313720703125,0.5088431854135026,33.08483274600982,39.36649373428152,26.968957496445427,0,0.0,0.0,0.0,0.0,0,1.1783439508960898,OK,OK
603,603_C1,2799.3672971284077,0.875569386459954,False,contour_midpoint,False,OK,41.40008401956163,0.4959129382837389,71.28247636346809,83.48256482849492,26.377407973541878,0,0.0,0.0,0.0,0.0,0,1.3388604764444352,OK,OK
604,604_C1,3680.4434046672814,0.8599870266628897,False,,False,no_contour_chain,40.13217088691931,,,,,0,0.0,0.0,0.0,0.0,0,,BAD,L<=0;nan_inf;no_contour_chain
605,605_C1,831.5359812216976,0.837171402271885,False,contour_midpoint,False,OK,17.1832275390625,0.3062682519888182,51.83136940500416,56.10515431318639,17.02816342120619,0,0.0,0.0,0.0,0.0,0,1.1376247050361095,OK,OK
606,606_C1,1455.839740374849,0.9230502651698692,False,contour_midpoint,False,OK,79.43120772295663,0.6159593440857596,100.34523843845297,128.95527681433708,31.631380627430467,0,0.0,0.0,0.0,0.0,0,1.0583590852598095,OK,OK
607,607_C1,729.6274869341668,0.9156758280325425,False,contour_midpoint,False,OK,51.522979736328125,0.6477194658333676,60.1392221818301,79.54520815587614,32.93191593904668,0,0.0,0.0,0.0,0.0,0,1.0718345800409286,BAD,out_of_bounds
608,608_C1,6233.160258575548,0.9826442946722382,False,contour_midpoint,False,OK,120.36499199888226,0.5205399262311624,190.78122723941823,231.2310467140427,27.498777231692834,0,0.0,0.0,0.0,0.0,0,1.2629469371032505,OK,OK
609,609_C1,648.4932005690804,0.8139988752966261,False,contour_midpoint,False,OK,22.18182373046875,0.5384641668742226,34.31804356936707,41.194614414611735,28.30087251305793,0,0.0,0.0,0.0,0.0,0,1.0864387151935535,OK,OK
610,610_C1,1136.0483653880374,0.8961421873309889,False,contour_midpoint,False,OK,29.892730712890625,0.3825012036271382,71.88949758552809,78.15068404864428,20.931912701715536,0,0.0,0.0,0.0,0.0,0,1.0688741841276477,OK,OK
611,611_C1,842.8514384619062,0.8252867670608995,False,contour_midpoint,False,OK,22.211944580078125,0.4162918114654866,48.1364422231285,53.35666945233595,22.60156205473529,0,0.0,0.0,0.0,0.0,0,1.1714388478680617,OK,OK
612,612_C1,227.75330516127298,0.8273241558886066,True,,False,early_excluded_complex_or_small_polygon,,,,,,,,,,,,,BAD,early_excluded_complex_or_small_polygon;polygon_area_below_threshold
613,613_C1,468.42717593359913,0.8942942773033189,False,contour_midpoint,False,OK,33.62982177734375,0.5616652904275793,48.55885329991144,59.87520032035869,29.321410359821517,0,0.0,0.0,0.0,0.0,0,1.128392448596358,OK,OK
614,614_C1,495.7074962337967,0.8343027787482539,False,contour_midpoint,False,OK,18.07147216796875,0.4736636019073374,32.90846381475267,38.15254559395945,25.345211535916047,0,0.0,0.0,0.0,0.0,0,1.2004814256821368,OK,OK
615,615_C1,3413.6136691119777,0.8860437019000874,False,contour_midpoint,False,OK,24.796600341796875,0.21167028078249736,113.62941656969254,117.14729271454371,11.951406186212418,0,0.0,0.0,0.0,0.0,0,1.4358690540921188,OK,OK
616,616_C1,1088.3135606361745,0.9184519615544945,False,contour_midpoint,False,OK,26.908966064453125,0.3561173275627799,70.28455988309491,75.56208019591337,19.601695513927428,0,0.0,0.0,0.0,0.0,0,1.1329247505769404,OK,OK
617,617_C1,513.2120494945384,0.8403376948598962,False,contour_midpoint,False,OK,13.3609619140625,0.3294606910062821,38.05021971983267,40.55403961320452,18.23501990265748,0,0.0,0.0,0.0,0.0,0,1.1687207632953178,OK,OK
618,618_C1,345.31354839271455,0.856959287029897,False,contour_midpoint,False,OK,8.8067626953125,0.2798640809963557,30.076912780557905,31.46799926578352,15.635024776885093,0,0.0,0.0,0.0,0.0,0,1.3693853476610274,OK,OK
619,619_C1,418.68253493323306,0.8549722838716326,False,contour_midpoint,False,OK,8.44500732421875,0.27446741403567704,29.44124577180943,30.768706565366674,15.347877902091108,0,0.0,0.0,0.0,0.0,0,1.3940903728710083,OK,OK
620,620_C1,161.22030312344424,0.8412312764082218,True,,False,early_excluded_complex_or_small_polygon,,,,,,,,,,,,,BAD,early_excluded_complex_or_small_polygon;polygon_area_below_threshold
621,621_C1,272.6159841140731,0.9230182452090853,False,contour_midpoint,False,OK,7.137939453125,0.25204919920782104,27.38062225881902,28.319627578898142,14.14669404368565,0,0.0,0.0,0.0,0.0,0,1.0784358067780098,OK,OK
622,622_C1,402.45481603035086,0.9299332866967,False,contour_midpoint,False,tortuosity_adjusted;tortuosity_excess_contour,17.96966552734375,0.2991501104349282,55.771234318513805,60.06905864489912,16.654559400589818,0,0.0,0.0,0.0,0.0,0,1.6135436951714717,OK,OK
623,623_C1,578.910294527959,0.8639771318618147,False,contour_midpoint,False,tortuosity_adjusted,10.609466552734375,0.3057714326139674,32.53754978163351,34.697376605906456,17.00213525742562,0,0.0,0.0,0.0,0.0,0,1.4034492010451616,OK,OK
624,624_C1,936.9160004108278,0.8316419007269221,False,contour_midpoint,False,OK,28.56304931640625,0.4560454778989511,55.084006894288436,62.63201961348062,24.515142913449687,0,0.0,0.0,0.0,0.0,0,1.3230896356855033,OK,OK
625,625_C1,5103.48392199316,1.1011406137248407,True,,False,early_excluded_complex_or_small_polygon,,,,,,,,,,,,,BAD,complexity_ratio_exceeds_threshold;early_excluded_complex_or_small_polygon
626,626_C1,480.36717873075395,0.8215047328433538,False,contour_midpoint,False,OK,14.44854736328125,0.37382294952148837,35.214234817930176,38.650776742776486,20.496896850517054,0,0.0,0.0,0.0,0.0,0,1.4595345227186072,OK,OK
627,627_C1,4224.4123001797725,0.8639582098412446,False,contour_midpoint,False,OK,31.283181085522756,0.21507878208849904,141.63274795349244,145.44987088801062,12.13819454668644,0,0.0,0.0,0.0,0.0,0,1.1627721018951038,OK,OK
628,628_C1,4945.893570023487,1.071805658866845,True,,False,early_excluded_complex_or_small_polygon,,,,,,,,,,,,,BAD,complexity_ratio_exceeds_threshold;early_excluded_complex_or_small_polygon
629,629_C1,9872.85052763989,1.040735110433461,True,,False,early_excluded_complex_or_small_polygon,,,,,,,,,,,,,BAD,complexity_ratio_exceeds_threshold;early_excluded_complex_or_small_polygon
630,630_C1,21011.593495127316,0.8946676374681629,False,contour_midpoint,False,OK,129.3419316917075,0.4272783071179822,265.0730487343114,302.71120610855854,23.135967603367057,0,0.0,0.0,0.0,0.0,0,1.3754437952979004,OK,OK
631,631_C1,6223.847745859543,1.049253787504575,True,,False,early_excluded_complex_or_small_polygon,,,,,,,,,,,,,BAD,complexity_ratio_exceeds_threshold;early_excluded_complex_or_small_polygon
632,632_C1,670.6187768344441,0.9646870167253868,False,contour_midpoint,False,tortuosity_adjusted,17.57403564453125,0.24223267745480317,68.70569488830634,72.550226621717,13.616627782410932,0,0.0,0.0,0.0,0.0,0,1.4830172623992801,OK,OK
633,633_C1,19533.83326257187,0.9880790839780962,False,,False,no_contour_chain,105.51616800258819,,,,,0,0.0,0.0,0.0,0.0,0,,BAD,L<=0;nan_inf;no_contour_chain
634,634_C1,405.2349585351993,0.8363857983200109,False,contour_midpoint,False,OK,4.40045166015625,0.12838707219948317,33.98619184734181,34.274881300501875,7.316015346715066,0,0.0,0.0,0.0,0.0,0,1.0685101518763436,OK,OK
635,635_C1,7433.766437060559,0.985744563442652,False,contour_midpoint,False,OK,61.616902040806735,0.24834960398622088,239.80290050769568,248.1054974592406,13.947210635114882,0,0.0,0.0,0.0,0.0,0,1.0862883305825337,OK,OK
636,636_C1,2566.4702744699766,0.8869318838194566,False,contour_midpoint,False,OK,23.85397651834728,0.23274707649852983,98.22406239609394,102.4888341336393,13.102162498829506,0,0.0,0.0,0.0,0.0,0,1.2237062211944898,OK,OK
637,637_C1,1502.8783578145103,0.8570440966137081,False,contour_midpoint,False,OK,17.257110595703125,0.21810724133728127,76.86461421974393,79.12213500979874,12.303936978826895,0,0.0,0.0,0.0,0.0,0,1.1258264298038851,OK,OK
638,638_C1,702.3591266434255,0.8811945616846506,False,contour_midpoint,False,OK,10.52740478515625,0.17718869318569633,58.20604377570205,59.41352462102859,10.047876659096236,0,0.0,0.0,0.0,0.0,0,1.2644137059729104,OK,OK
639,639_C1,9635.177426286818,0.7989607878495507,False,,False,no_contour_chain,49.362468633523235,,,,,0,0.0,0.0,0.0,0.0,0,,BAD,L<=0;nan_inf;no_contour_chain
640,640_C1,1490.3741188215479,0.8676533065682268,False,contour_midpoint,False,OK,11.767425537109375,0.21546043967163045,53.29143072743359,54.6152488830124,12.159093439505948,0,0.0,0.0,0.0,0.0,0,1.0405267210665374,OK,OK
641,641_C1,7377.935939516751,0.894614005848262,False,contour_midpoint,False,OK,50.079029931210925,0.3027520698607338,156.13221706392474,165.41267563999588,16.843796809914757,0,0.0,0.0,0.0,0.0,0,1.3400585152137219,OK,OK
642,642_C1,1874.070180452019,0.9153070485170568,False,contour_midpoint,False,OK,20.466611340974623,0.1705551846350794,117.49341657507448,119.99993658806135,9.678958734022755,0,0.0,0.0,0.0,0.0,0,1.2618656579844516,OK,OK
643,643_C1,1095.3968549256535,0.8671380883621869,False,contour_midpoint,False,OK,7.97882080078125,0.19593981834164514,39.78706444142033,40.72077267556304,11.086074906859542,0,0.0,0.0,0.0,0.0,0,1.1764741900157671,OK,OK
644,644_C1,655.9868949791097,0.8996007131750173,False,,False,no_contour_chain,5.2062530517578125,,,,,0,0.0,0.0,0.0,0.0,0,,BAD,L<=0;nan_inf;no_contour_chain
645,645_C1,12558.286172205124,1.0042500488336363,True,,False,early_excluded_complex_or_small_polygon,,,,,,,,,,,,,BAD,complexity_ratio_exceeds_threshold;early_excluded_complex_or_small_polygon
646,646_C1,2356.724960841127,0.8516980505344635,False,contour_midpoint,False,OK,34.80825138846518,0.3750522763960429,85.77891065807677,92.80906577329719,20.55867111800067,0,0.0,0.0,0.0,0.0,0,1.0528499836548495,OK,OK
647,647_C1,1524.6373615110406,0.8498220690143916,False,contour_midpoint,False,OK,23.6878662109375,0.40646580586378445,52.854370158392506,58.27763582867244,22.120060721522012,0,0.0,0.0,0.0,0.0,0,1.1084200941925695,OK,OK
648,648_C1,346.9332480555128,0.8370229943910814,False,contour_midpoint,False,OK,9.4256591796875,0.2967778015700737,29.88729536778507,31.759987201946974,16.529719734426333,0,0.0,0.0,0.0,0.0,0,1.1080783531464145,OK,OK
649,649_C1,4494.054558081039,0.9155215520897311,False,contour_midpoint,False,OK,68.9122198528434,0.379212549509693,166.64740637149993,181.72452346828766,20.767356040044813,0,0.0,0.0,0.0,0.0,0,1.0588463567412334,OK,OK
650,650_C1,2215.3765890201103,0.8465975569328018,False,contour_midpoint,False,OK,32.539560673606445,0.36059342559424246,83.52481983157753,90.23891830524266,19.828970502691394,0,0.0,0.0,0.0,0.0,0,1.1023685598234645,OK,OK
651,651_C1,3397.182864803093,0.8662309048033559,False,contour_midpoint,False,OK,19.6341552734375,0.1979883585231535,96.91674839520827,99.16823100051819,11.199064177755266,0,0.0,0.0,0.0,0.0,0,1.1520763170350987,OK,OK
652,652_C1,12925.860205841505,0.905238264627323,False,,False,no_contour_chain,17.80441515508977,,,,,0,0.0,0.0,0.0,0.0,0,,BAD,L<=0;nan_inf;no_contour_chain
653,653_C1,2449.4558091220306,0.9062533038680777,False,contour_midpoint,False,OK,25.333034825066704,0.28261069203458,85.58814214741658,89.63933615776638,15.780859233814324,0,0.0,0.0,0.0,0.0,0,1.3392015428674837,OK,OK
654,654_C1,4324.81063744447,0.9099011646144742,False,,False,no_contour_chain,18.377480197677528,,,,,0,0.0,0.0,0.0,0.0,0,,BAD,L<=0;nan_inf;no_contour_chain
655,655_C1,2328.2402883609348,0.8192262095033803,False,contour_midpoint,False,OK,38.92219760465957,0.38788751843609365,92.0671033178096,100.34403210907183,21.200651461702947,0,0.0,0.0,0.0,0.0,0,1.0644149402819145,OK,OK
656,656_C1,2693.3540880308046,0.8198026126819088,False,,False,no_contour_chain,39.171626884444834,,,,,0,0.0,0.0,0.0,0.0,0,,BAD,L<=0;nan_inf;no_contour_chain
657,657_C1,4956.998074918066,0.9431684568056725,False,contour_midpoint,False,OK,63.48129144523517,0.2912741354925389,207.57158308920722,217.94345501322852,16.239475388172607,0,0.0,0.0,0.0,0.0,0,1.2417712231510425,OK,OK
658,658_C1,12562.702554164667,0.9339409204103983,False,contour_midpoint,False,OK,70.92311148202896,0.258153821380536,260.8355676065771,274.7319838333268,14.475091321524047,0,0.0,0.0,0.0,0.0,0,1.1776035944141663,OK,OK
659,659_C1,482.8830395387959,0.8767551880727664,False,contour_midpoint,False,OK,25.62408447265625,0.5790479089678106,35.534503468038906,44.25209740992381,30.072897069849144,0,0.0,0.0,0.0,0.0,0,1.1754611614336639,OK,OK
660,660_C1,329.14249300150647,0.8524068087101048,False,contour_midpoint,False,OK,22.21630859375,0.501710060135856,38.02203280288232,44.28117025944056,26.643380931607474,0,0.0,0.0,0.0,0.0,0,1.102440595000099,OK,OK
661,661_C1,1555.58321489578,0.8968910785567245,False,contour_midpoint,False,OK,30.217498779296875,0.41032935877701804,65.83530546331133,73.64205883137338,22.309782473684404,0,0.0,0.0,0.0,0.0,0,1.3660214099588606,OK,OK
662,662_C1,436.6283768278824,0.8827950532495027,False,contour_midpoint,False,OK,18.348709106445312,0.36791306934126766,45.44903131198878,49.87240366127215,20.199228348791294,0,0.0,0.0,0.0,0.0,0,1.115219211958671,OK,OK
663,663_C1,600.4579160722924,0.8121635749431744,False,contour_midpoint,False,OK,9.6944580078125,0.2869163641863087,32.32862182797323,33.788445755981414,16.00905164571682,0,0.0,0.0,0.0,0.0,0,1.1050167240635058,OK,OK
664,664_C1,247.1686802170779,0.8088059085805558,True,,False,early_excluded_complex_or_small_polygon,,,,,,,,,,,,,BAD,early_excluded_complex_or_small_polygon;polygon_area_below_threshold
665,665_C1,252.2072385118539,0.8563302574745949,False,contour_midpoint,False,OK,11.31805419921875,0.4125722201189961,24.883661907593737,27.432904222088297,22.419683590581414,0,0.0,0.0,0.0,0.0,0,1.3696727611579949,OK,OK
666,666_C1,360.79638009602525,0.871929843739501,False,contour_midpoint,False,OK,14.77508544921875,0.44485130654396693,29.3376580540424,33.213537269353736,23.981952323236666,0,0.0,0.0,0.0,0.0,0,1.3485930519713516,OK,OK
667,667_C1,230.25465920400973,0.83396516487246,True,,False,early_excluded_complex_or_small_polygon,,,,,,,,,,,,,BAD,early_excluded_complex_or_small_polygon;polygon_area_below_threshold
668,668_C1,1048.230523214779,0.904747754684057,False,contour_midpoint,False,OK,12.341445922851562,0.2170271742353935,55.0771380184981,56.865901545885215,12.24485058060958,0,0.0,0.0,0.0,0.0,0,1.2785180967702698,OK,OK
669,669_C1,661.7800010958399,0.8427092364421528,False,contour_midpoint,False,OK,12.24359130859375,0.2965186186335193,39.21902950807903,41.29113836094777,16.516070758191727,0,0.0,0.0,0.0,0.0,0,1.3749758722996335,OK,OK
670,670_C1,3635.3275723559286,1.122336855476102,True,,False,early_excluded_complex_or_small_polygon,,,,,,,,,,,,,BAD,complexity_ratio_exceeds_threshold;early_excluded_complex_or_small_polygon
671,671_C1,1147.0854943598906,0.8147805583788844,False,contour_midpoint,False,OK,18.133956909179688,0.2819966435335207,61.28872875331918,64.30557712302742,15.748273758242824,0,0.0,0.0,0.0,0.0,0,1.1246888604817535,OK,OK
672,672_C1,242.13905194355374,0.8309131356482723,True,,False,early_excluded_complex_or_small_polygon,,,,,,,,,,,,,BAD,early_excluded_complex_or_small_polygon;polygon_area_below_threshold
673,673_C1,298.15356905251286,0.8151066700114695,False,contour_midpoint,False,OK,16.93023681640625,0.5301592804119144,26.67235979531033,31.934245880317466,27.930713997980646,0,0.0,0.0,0.0,0.0,0,1.3362748291889397,OK,OK
674,674_C1,223.3260905406909,0.809125919519143,True,,False,early_excluded_complex_or_small_polygon,,,,,,,,,,,,,BAD,early_excluded_complex_or_small_polygon;polygon_area_below_threshold
675,675_C1,235.6374638145456,0.8351420806639805,True,,False,early_excluded_complex_or_small_polygon,,,,,,,,,,,,,BAD,early_excluded_complex_or_small_polygon;polygon_area_below_threshold
676,676_C1,443.2035794228289,0.8154878402654443,False,contour_midpoint,False,OK,10.70166015625,0.3399217962944123,29.375312178708693,31.4827124147729,18.77401668510073,0,0.0,0.0,0.0,0.0,0,1.2786634170391857,OK,OK
677,677_C1,506.59543486424826,0.8302055387537782,False,contour_midpoint,False,OK,6.88787841796875,0.25434078246790076,26.10118439353084,27.081297584818273,14.270081937414504,0,0.0,0.0,0.0,0.0,0,1.2855399288597713,OK,OK
678,678_C1,1790.5798558226193,0.8530094736241386,False,contour_midpoint,False,OK,36.383882489654866,0.40822365730024246,80.64092785919364,89.12732478631207,22.206444537044597,0,0.0,0.0,0.0,0.0,0,1.2195046095624391,OK,OK
679,679_C1,260.2831461007041,0.8210231044295122,False,contour_midpoint,False,OK,12.197906494140625,0.4034916480257973,27.019035843386764,30.230877277937484,21.973664237644496,0,0.0,0.0,0.0,0.0,0,1.4683978718347233,OK,OK
680,680_C1,206.35977631520464,0.8222146366109087,True,,False,early_excluded_complex_or_small_polygon,,,,,,,,,,,,,BAD,early_excluded_complex_or_small_polygon;polygon_area_below_threshold
681,681_C1,237.66137509227576,0.8168839227524782,True,,False,early_excluded_complex_or_small_polygon,,,,,,,,,,,,,BAD,early_excluded_complex_or_small_polygon;polygon_area_below_threshold
682,682_C1,632.110495008428,0.8489961711967462,False,contour_midpoint,False,OK,23.094741821289062,0.4532374689175358,44.849937674308784,50.95505867254552,24.381814673922655,0,0.0,0.0,0.0,0.0,0,1.2341531136133048,OK,OK
683,683_C1,15788.157066528714,0.9143744000194245,False,contour_midpoint,False,OK,90.18669615624003,0.3395778795720775,247.32049813935663,265.5847202706186,18.756350872424868,0,0.0,0.0,0.0,0.0,0,1.2249623037326876,OK,OK
684,684_C1,453.56037677929345,0.83369984983536,False,contour_midpoint,False,tortuosity_adjusted,8.343017578125,0.3480637938585006,22.269974406000774,23.96979440359922,19.19115682532899,0,0.0,0.0,0.0,0.0,0,1.3688586482917142,OK,OK
685,685_C1,186.96682229627197,0.8401122884791754,True,,False,early_excluded_complex_or_small_polygon,,,,,,,,,,,,,BAD,early_excluded_complex_or_small_polygon;polygon_area_below_threshold
686,686_C1,4820.891457759794,0.888210282907848,False,contour_midpoint,False,OK,61.046774408503836,0.39448226779185963,141.33718903257656,154.75163117018457,21.528355149375702,0,0.0,0.0,0.0,0.0,0,1.2245387991074612,OK,OK
687,687_C1,703.0907616827205,0.8216981532348999,False,contour_midpoint,False,OK,4.161956787109375,0.115979443128697,35.63248069045976,35.88529721160193,6.615575711553615,0,0.0,0.0,0.0,0.0,0,1.0419091046377906,OK,OK
690,690_C1,755.138084933363,0.8728579838500649,False,,False,no_contour_chain,11.180908203125,,,,,0,0.0,0.0,0.0,0.0,0,,BAD,L<=0;nan_inf;no_contour_chain
691,691_C1,2001.8066795215223,0.8225483302251693,False,contour_midpoint,False,OK,43.311614990234375,0.5075287131374101,72.85076638792074,85.3382554900062,26.909101716553867,0,0.0,0.0,0.0,0.0,0,1.1465401505675292,OK,OK
692,692_C1,8346.316186743714,0.8778374205964694,False,contour_midpoint,False,OK,144.73992242175643,0.5375789679906782,225.43110587841733,269.24402002324297,28.26153986503209,0,0.0,0.0,0.0,0.0,0,1.0416310660904036,OK,OK
693,693_C1,814.5217993843254,0.894065475389862,False,contour_midpoint,False,OK,47.43231201171875,0.5336568217824822,74.45777988575945,88.88167465617462,28.086914989409156,0,0.0,0.0,0.0,0.0,0,1.0887076385356558,OK,OK
694,694_C1,2151.5378337333577,0.9419845107209619,False,contour_midpoint,False,OK,73.86623871795655,0.5474806121478945,110.18406978037181,134.9202822510226,28.69985029518747,0,0.0,0.0,0.0,0.0,0,1.0977262621539534,OK,OK
695,695_C1,1737.1285369847906,0.8597739195336681,False,contour_midpoint,False,OK,65.92432956975847,0.5788906401642173,91.43478343508124,113.88045512544015,30.06614841638052,0,0.0,0.0,0.0,0.0,0,1.0590399445202536,OK,OK
696,696_C1,831.2445240178307,0.8503980332918535,False,contour_midpoint,False,OK,54.92071533203125,0.6442341559676534,64.34385943211996,85.24961743069827,32.791017372858036,0,0.0,0.0,0.0,0.0,0,1.0500247962135996,BAD,out_of_bounds
697,697_C1,798.6631532566277,0.8551326204749189,False,contour_midpoint,False,OK,40.719512939453125,0.519524871717319,65.65906676850518,78.37837061554428,27.452998896924942,0,0.0,0.0,0.0,0.0,0,1.0608653250815567,OK,OK
698,698_C1,3658.176069623733,0.8893539103829659,False,contour_midpoint,False,OK,94.45231224556665,0.5925459334012566,127.21221040922867,159.40082771879563,30.64868934784844,0,0.0,0.0,0.0,0.0,0,1.1255622194141734,OK,OK
699,699_C1,4160.168864691052,0.8114386572090478,False,contour_midpoint,False,OK,83.403076171875,0.5788810825891563,113.47065055594062,144.076354678648,30.065738256027476,0,0.0,0.0,0.0,0.0,0,1.2631811451821524,OK,OK
700,700_C1,1050.2699360320062,0.8625060154717151,False,contour_midpoint,False,OK,47.6190185546875,0.5814062048597504,65.99190749199974,81.90318258845275,30.173984896450044,0,0.0,0.0,0.0,0.0,0,1.1415898761017669,OK,OK
701,701_C1,145.58557512969728,0.8212380964641474,True,,False,early_excluded_complex_or_small_polygon,,,,,,,,,,,,,BAD,early_excluded_complex_or_small_polygon;polygon_area_below_threshold
702,702_C1,761.4941517304434,0.8909842791217077,False,contour_midpoint,False,OK,27.933349609375,0.3974721609881771,62.96671816264747,70.27749953588796,21.67644342200643,0,0.0,0.0,0.0,0.0,0,1.299545996046503,OK,OK
703,703_C1,3612.388984249296,0.8346997900333404,False,contour_midpoint,False,OK,85.79525756835938,0.6187818767313759,107.42237793659126,138.6518590711806,31.74847118925556,0,0.0,0.0,0.0,0.0,0,1.1178575838460898,BAD,out_of_bounds
704,704_C1,4661.860271874978,0.8355733126677405,False,contour_midpoint,False,OK,73.98615268360129,0.528145223024195,118.01115811569542,140.08675920602218,27.840560252366853,0,0.0,0.0,0.0,0.0,0,1.1794857440968036,OK,OK
705,705_C1,1649.3105133589993,0.8805576091692036,False,,False,no_contour_chain,54.173919677734375,,,,,0,0.0,0.0,0.0,0.0,0,,BAD,L<=0;nan_inf;no_contour_chain
706,706_C1,7774.136064674674,0.8365188895844113,False,contour_midpoint,False,OK,114.73611454486877,0.5311405706436919,177.83208827876632,216.0183591432669,27.974584359901694,0,0.0,0.0,0.0,0.0,0,1.1482388244651272,OK,OK
707,707_C1,108.9835280406207,0.832074632934571,True,,False,early_excluded_complex_or_small_polygon,,,,,,,,,,,,,BAD,early_excluded_complex_or_small_polygon;polygon_area_below_threshold
708,708_C1,1197.7657200418125,0.8562746714017717,False,contour_midpoint,False,OK,64.69921875,0.6484185320594078,75.88330448024547,99.78002717552232,32.960122791127695,0,0.0,0.0,0.0,0.0,0,1.033793210286613,BAD,out_of_bounds
709,709_C1,153.22863303742756,0.8190596371141411,True,,False,early_excluded_complex_or_small_polygon,,,,,,,,,,,,,BAD,early_excluded_complex_or_small_polygon;polygon_area_below_threshold
710,710_C1,125.77808104399733,0.8357622464016492,True,,False,early_excluded_complex_or_small_polygon,,,,,,,,,,,,,BAD,early_excluded_complex_or_small_polygon;polygon_area_below_threshold
723,723_C1,328.3503613459515,0.8664121698232257,False,contour_midpoint,False,OK,12.442626953125,0.42933044558763017,25.856524709496323,28.98146889185698,23.235320675056176,0,0.0,0.0,0.0,0.0,0,1.1502186406322228,OK,OK
724,724_C1,211.37599818042813,0.8615385730166198,True,,False,early_excluded_complex_or_small_polygon,,,,,,,,,,,,,BAD,early_excluded_complex_or_small_polygon;polygon_area_below_threshold
725,725_C1,1824.123908767274,0.8862401997875946,False,contour_midpoint,False,OK,61.21260393296427,0.5652796394391695,89.0818235104734,108.28729652052405,29.478591950955725,0,0.0,0.0,0.0,0.0,0,1.0666677091485812,OK,OK
726,726_C1,1372.6739466516754,0.8770082209016337,False,contour_midpoint,False,OK,33.42524719238281,0.5605925635868062,47.806474831602465,59.62484942454469,29.27466587357261,0,0.0,0.0,0.0,0.0,0,1.281815346948544,OK,OK
727,727_C1,1033.363428245428,0.8435490378433957,False,,False,no_contour_chain,17.739334106445312,,,,,0,0.0,0.0,0.0,0.0,0,,BAD,L<=0;nan_inf;no_contour_chain
841,841_C1,8483.390940008165,0.8265483332664915,False,contour_midpoint,False,OK,69.91536535274736,0.3967842747300398,159.0301368090948,176.2049804022997,21.642399532948676,0,0.0,0.0,0.0,0.0,0,1.0967739630749238,OK,OK
842,842_C1,24339.221632706554,0.8540425268931622,False,contour_midpoint,False,OK,137.20786623161052,0.39410070640519757,315.434227108937,348.15432705806734,21.509434764701513,0,0.0,0.0,0.0,0.0,0,1.170425857173452,OK,OK
843,843_C1,28325.058342186843,0.9224460853914761,False,contour_midpoint,False,OK,239.55903158384717,0.37745604380860526,580.3512911237351,634.6673619705482,20.679317278156898,0,0.0,0.0,0.0,0.0,0,1.060209607483283,OK,OK
844,844_C1,2284.2486765761,0.8468933738892436,False,contour_midpoint,False,OK,23.077423095703125,0.3267505551617054,66.09599681507159,70.62703561217317,18.09483227050904,0,0.0,0.0,0.0,0.0,0,1.2684884243344632,OK,OK
845,845_C1,4016.88588889845,0.7897699387219312,False,contour_midpoint,False,OK,47.38575227204433,0.42660844599956954,99.7420858755343,111.07551366222164,23.103504740523128,0,0.0,0.0,0.0,0.0,0,1.1507171591657854,OK,OK
846,846_C1,14114.829192747517,0.9196421949875007,False,contour_midpoint,False,OK,124.31225464534327,0.3955165432379555,282.88179825588855,314.30355258377404,21.579616705040394,0,0.0,0.0,0.0,0.0,0,1.2714439147171495,OK,OK
847,847_C1,272840.14553942846,1.050628597032178,True,,False,early_excluded_complex_or_small_polygon,,,,,,,,,,,,,BAD,complexity_ratio_exceeds_threshold;early_excluded_complex_or_small_polygon
848,848_C1,7583.968216537872,0.9208200155778167,False,contour_midpoint,False,OK,145.8620260366174,0.5256513645477279,234.38862663461555,277.48815255548243,27.72872155606377,0,0.0,0.0,0.0,0.0,0,1.077451932836093,OK,OK
849,849_C1,13799.430844472441,0.85646491699787,False,contour_midpoint,False,OK,117.07928647117228,0.565480176208924,167.0294050495885,207.04401568255122,29.487298707962296,0,0.0,0.0,0.0,0.0,0,1.1925959986620418,OK,OK
850,850_C1,23956.575662837062,0.9264491574271897,False,contour_midpoint,False,OK,200.93742697395328,0.447457961442621,388.15057766732343,449.06436869761706,24.10650910378825,0,0.0,0.0,0.0,0.0,0,1.159719335674603,OK,OK
854,854_C1,4618.194344043553,0.8614262544485165,False,contour_midpoint,False,tortuosity_adjusted,20.588660392536667,0.2426213135185504,81.69687104935261,84.8592404927463,13.637658967820373,0,0.0,0.0,0.0,0.0,0,1.477840092648144,OK,OK
855,855_C1,5792.403742255955,0.8230859886148758,False,contour_midpoint,False,OK,90.7081439082774,0.6114063227254846,113.38181570585361,148.35983949908297,31.44187918594787,0,0.0,0.0,0.0,0.0,0,1.1940839674767831,OK,OK
856,856_C1,7520.393726337206,0.8586770590099557,False,contour_midpoint,False,OK,101.0632163590293,0.48274479403231785,177.50761197101258,209.35122990112146,25.768685144620015,0,0.0,0.0,0.0,0.0,0,1.0953585974493347,OK,OK
857,857_C1,9720.156629532308,0.9126194925712184,False,contour_midpoint,False,OK,109.40729789834381,0.37319387911571567,270.02697075223693,293.1647704340297,20.46526647864173,0,0.0,0.0,0.0,0.0,0,1.251807565328774,OK,OK
858,858_C1,29531.14145550899,0.922580546858811,False,contour_midpoint,False,OK,275.2069950903815,0.4705223474343772,500.93189543291777,584.8967569574664,25.19803290745687,0,0.0,0.0,0.0,0.0,0,1.103650177724067,OK,OK
859,859_C1,9400.410474876386,0.9379364620677892,False,,False,no_contour_chain,233.63331711621936,,,,,0,0.0,0.0,0.0,0.0,0,,BAD,L<=0;nan_inf;no_contour_chain
860,860_C1,11154.96086221135,0.8586554964892726,False,contour_midpoint,False,OK,130.90957900128137,0.5162273518862732,215.4828521911805,253.58900206070686,27.304020349474666,0,0.0,0.0,0.0,0.0,0,1.0965548167873154,OK,OK
861,861_C1,8276.669796837672,0.8903676010813573,False,contour_midpoint,False,OK,93.36280681204039,0.4732388952345189,168.59461729662146,197.28472818315873,25.325333433681962,0,0.0,0.0,0.0,0.0,0,1.219780419328851,OK,OK
862,862_C1,8676.894374716388,0.8258958819658947,False,contour_midpoint,False,OK,96.44516402381828,0.5452811185388348,143.44270608637592,176.87237049809838,28.602800940327057,0,0.0,0.0,0.0,0.0,0,1.1328348837793145,OK,OK
863,863_C1,4186.924941965498,0.8019764576963532,False,contour_midpoint,False,OK,45.15729940352355,0.46129751942360187,86.503806320021,97.89191899394619,24.763758846030505,0,0.0,0.0,0.0,0.0,0,1.0614646613205891,OK,OK
864,864_C1,8380.433750294615,0.8756628626144938,False,contour_midpoint,False,OK,71.84331214130248,0.42201116116037063,152.4283747492592,170.2403129428156,22.880287619875205,0,0.0,0.0,0.0,0.0,0,1.3893742322334144,OK,OK
865,865_C1,3300.917691594412,0.8559918712884088,False,contour_midpoint,False,OK,15.385643269447883,0.1651874439937828,91.74615368823318,93.14051296796478,9.37983989097851,0,0.0,0.0,0.0,0.0,0,1.0660589234104678,OK,OK
866,866_C1,1790.4706363810387,0.8440438015081727,False,contour_midpoint,False,OK,41.12066650390625,0.48432189460697206,73.36577673669315,84.90358780347053,25.84192300643916,0,0.0,0.0,0.0,0.0,0,1.2608539475992655,OK,OK
867,867_C1,3150.508546722277,0.8092682492450028,False,contour_midpoint,False,OK,75.82060623201482,0.6506850443671025,87.88358615892079,116.52427989298992,33.05145129254713,0,0.0,0.0,0.0,0.0,0,1.0150718095879334,BAD,out_of_bounds
868,868_C1,3286.071636956003,0.7976474367016408,False,contour_midpoint,False,OK,59.980430623270536,0.6048413027752944,77.00454065916072,99.16722014196503,31.16728142494605,0,0.0,0.0,0.0,0.0,0,1.0116544613167056,OK,OK
869,869_C1,2286.961343559504,0.8288036003323012,False,contour_midpoint,False,OK,63.6678466796875,0.6339275482640733,76.33577901874618,100.43394841261194,32.371736264733755,0,0.0,0.0,0.0,0.0,0,1.1008644378266568,BAD,out_of_bounds
870,870_C1,3463.013028139608,0.9069164428824107,False,contour_midpoint,False,OK,32.215383945818076,0.2947382659394874,103.34722805483543,109.30166750873198,16.42226255759085,0,0.0,0.0,0.0,0.0,0,1.1356932980903254,OK,OK
871,871_C1,11747.240082663722,0.9296163530357128,False,contour_midpoint,False,OK,32.86986607265453,0.09757638877319559,333.7972926816335,336.86290798337006,5.573072585565109,0,0.0,0.0,0.0,0.0,0,1.3457829006016493,OK,OK
872,872_C1,3227.623871124709,0.8531806468247786,False,contour_midpoint,False,OK,42.59301578499708,0.3570555949655487,109.39681415205285,119.28959071235604,19.64938976411408,0,0.0,0.0,0.0,0.0,0,1.141741819879064,OK,OK
873,873_C1,3580.566636538242,0.8218002051179466,False,contour_midpoint,False,OK,80.08381037350921,0.6204008123404963,100.03780676835244,129.08398696544032,31.81549815608456,0,0.0,0.0,0.0,0.0,0,1.1656052897574758,BAD,out_of_bounds
874,874_C1,5936.280846915993,0.8263748507553486,False,contour_midpoint,False,OK,73.91708475652149,0.5577324555050693,108.22961742592753,132.53143873361992,29.14982640300173,0,0.0,0.0,0.0,0.0,0,1.134529758601125,OK,OK
875,875_C1,5185.06400267954,0.8395203153821643,False,contour_midpoint,False,OK,96.1716845735483,0.6000968823774419,127.01093999229487,160.26026363033057,30.96783793948334,0,0.0,0.0,0.0,0.0,0,1.0564418858498357,OK,OK
876,876_C1,9586.196762311823,0.8017039812685928,False,contour_midpoint,False,OK,127.03471329787578,0.6340416378635163,149.38211151386713,200.3570518269673,32.376398995679054,0,0.0,0.0,0.0,0.0,0,1.1468650108498946,BAD,out_of_bounds
877,877_C1,6934.177221810179,0.8293362286184628,False,contour_midpoint,False,OK,37.18287227097437,0.24248565994795263,146.4167024320808,153.34049971843837,13.630318449552266,0,0.0,0.0,0.0,0.0,0,1.3472345593023154,OK,OK
878,878_C1,4836.075075679307,0.8268116637286232,False,contour_midpoint,False,OK,127.31163670570277,0.6856755068448362,131.18811650549333,185.67330382199657,34.43747801811408,0,0.0,0.0,0.0,0.0,0,1.0944384389371986,BAD,out_of_bounds
879,879_C1,29378.773124527586,0.943304967974912,False,contour_midpoint,False,OK,188.15115032434664,0.600355169484565,238.8726667226662,313.39973383736134,30.978717211388872,0,0.0,0.0,0.0,0.0,0,1.2952104715805564,OK,OK
880,880_C1,27526.079015745083,0.9764745404629345,False,contour_midpoint,False,OK,175.84525453289643,0.5043308920084637,281.57275124098294,348.6704013561505,26.763220552318327,0,0.0,0.0,0.0,0.0,0,1.4944498701415112,OK,OK
881,881_C1,22850.887585137876,0.9209060741161805,False,contour_midpoint,False,OK,227.13527716608428,0.5750046202693613,312.3252647380346,395.0146992900381,29.89910078377649,0,0.0,0.0,0.0,0.0,0,1.268096814638212,OK,OK
882,882_C1,10875.73989233443,0.8751576107729464,False,contour_midpoint,False,OK,180.1887324967197,0.6029596340719303,236.59017324322573,298.84045683101897,31.088280904341786,0,0.0,0.0,0.0,0.0,0,1.0337138368268022,OK,OK
883,883_C1,4054.7111717144994,0.8233313612752707,False,contour_midpoint,False,OK,59.9441320823687,0.5212085647068387,95.17596561422687,115.00987539620562,27.528911630955758,0,0.0,0.0,0.0,0.0,0,1.2174750019398557,OK,OK
884,884_C1,4624.003786391535,0.8861628283603733,False,contour_midpoint,False,tortuosity_adjusted,79.30830269794546,0.5769539192589298,99.51957671321597,137.46037603802614,29.98296519323134,0,0.0,0.0,0.0,0.0,0,1.4977603677701719,OK,OK
885,885_C1,21848.587501655667,0.8439826242710425,False,contour_midpoint,False,OK,200.15083135930422,0.5549933135892667,291.4035613991394,360.6364733745777,29.029981794964364,0,0.0,0.0,0.0,0.0,0,1.1134092560092739,OK,OK
886,886_C1,4450.392358284772,0.8549116238569962,False,contour_midpoint,False,OK,103.33733942700769,0.6016397487157645,134.40637348707438,171.75949502603066,31.032787943040486,0,0.0,0.0,0.0,0.0,0,1.057306207058882,OK,OK
887,887_C1,280969.17771065957,1.188741854497069,True,,False,early_excluded_complex_or_small_polygon,,,,,,,,,,,,,BAD,complexity_ratio_exceeds_threshold;early_excluded_complex_or_small_polygon
891,891_C1,17104.817331471422,0.8113273823773455,False,contour_midpoint,False,OK,186.65407601716015,0.6863520071171466,190.7597832124917,271.9509436581308,34.46383475595849,0,0.0,0.0,0.0,0.0,0,1.0768529613342446,BAD,out_of_bounds
892,892_C1,591.7904286961361,0.8034693127397172,False,contour_midpoint,False,OK,35.92071533203125,0.5859482823455358,49.2179619391267,61.30355939988689,30.368096873616775,0,0.0,0.0,0.0,0.0,0,1.1223202313243266,OK,OK
893,893_C1,9857.366021513806,0.8381059208491421,False,contour_midpoint,False,OK,65.26299723638704,0.31849561533185905,189.60869512132766,204.9101905795021,17.666449114847634,0,0.0,0.0,0.0,0.0,0,1.1062311021986169,OK,OK
894,894_C1,110313.36471692279,0.9729693796044783,False,contour_midpoint,False,OK,384.2973306584961,0.5436338980267433,560.7420782564052,706.9046504520788,28.530002183550717,0,0.0,0.0,0.0,0.0,0,1.1182329105179252,OK,OK
895,895_C1,37609.95264167905,0.9232887390950206,False,contour_midpoint,False,OK,335.21484542111466,0.5828761044749442,451.09332631315715,575.1047998838051,30.236887113828818,0,0.0,0.0,0.0,0.0,0,1.1818938132922654,OK,OK
896,896_C1,6999.156589309709,0.8314471736985474,False,contour_midpoint,False,OK,99.10278687242362,0.6369951763164112,117.50217728610635,155.57855154494422,32.49693982661145,0,0.0,0.0,0.0,0.0,0,1.2770704056712352,BAD,out_of_bounds
898,898_C1,130936.4786925364,0.8426667881794486,False,contour_midpoint,False,OK,560.3922609184638,0.6315789434394562,665.5288740970631,887.2877519739282,32.27564415365519,0,0.0,0.0,0.0,0.0,0,1.1216686660637256,BAD,out_of_bounds
899,899_C1,1837.7248965931835,0.8437918733172104,False,contour_midpoint,False,OK,67.38845825195312,0.615663454028257,84.19078328844614,109.45664845141225,31.61908874775982,0,0.0,0.0,0.0,0.0,0,1.0809522906880493,OK,OK
900,900_C1,3274.344849750961,0.8682928133984135,False,contour_midpoint,False,OK,36.59769482136426,0.30055358258010734,113.17370135285888,121.7676212913209,16.728338831101183,0,0.0,0.0,0.0,0.0,0,1.176601246423631,OK,OK
901,901_C1,2187.7248106643056,0.8570005214108621,False,contour_midpoint,False,OK,32.017120361328125,0.45309541339005277,61.65015546892993,70.66308643863007,24.375062182243624,0,0.0,0.0,0.0,0.0,0,1.1663718210779472,OK,OK
902,902_C1,8072.590011456797,0.816295850651522,False,contour_midpoint,False,OK,73.9358660604787,0.3795198894747632,172.8688330119879,194.81420634581838,20.78274986337809,0,0.0,0.0,0.0,0.0,0,1.347950992588002,OK,OK
903,903_C1,4811.278040462942,0.9044214385941447,False,contour_midpoint,False,OK,81.5072403161522,0.5494771639890486,122.41680332810522,148.33599220836172,28.787789589218505,0,0.0,0.0,0.0,0.0,0,1.1147031678013462,OK,OK
904,904_C1,3330.3724340036615,0.7932686815817447,False,contour_midpoint,False,OK,61.48232660033818,0.5704449228303964,87.3461886775481,107.77960174538707,29.702377344774998,0,0.0,0.0,0.0,0.0,0,1.0560745620845076,OK,OK
905,905_C1,3378.262855686787,0.7910809977835441,False,contour_midpoint,False,OK,61.59914196859438,0.624340029407238,76.22960793890388,98.66281043532952,31.97818339062575,0,0.0,0.0,0.0,0.0,0,1.043963684668906,BAD,out_of_bounds
909,909_C1,2676.5432747464442,0.8216602948923563,False,contour_midpoint,False,OK,18.84527587890625,0.2250278243377394,81.36689954723023,83.7464252892646,12.681900881583301,0,0.0,0.0,0.0,0.0,0,1.497276956899956,OK,OK
910,910_C1,4617.329175871814,0.8059367899292038,False,contour_midpoint,False,OK,41.824588674961205,0.42723691144111425,86.33942074399582,97.89554122063691,23.133961938109405,0,0.0,0.0,0.0,0.0,0,1.1384138437376397,OK,OK
914,914_C1,15915.360607963776,0.8500557665347187,False,contour_midpoint,False,OK,40.583853479320055,0.20742031773136152,190.53137970359512,195.6599716132045,11.718143900258797,0,0.0,0.0,0.0,0.0,0,1.1391233637533498,OK,OK
926,926_C1,23518.275762037156,1.2259607791808846,True,,False,early_excluded_complex_or_small_polygon,,,,,,,,,,,,,BAD,complexity_ratio_exceeds_threshold;early_excluded_complex_or_small_polygon
927,927_C1,8682.134310063098,0.8355492835445941,False,contour_midpoint,False,OK,34.52557922253226,0.20672730487505842,162.92908121436278,167.01025171009115,11.680069790900875,0,0.0,0.0,0.0,0.0,0,1.3277630715066862,OK,OK
1967,1967_C1,1816.138267915345,0.8489402200721826,False,contour_midpoint,False,OK,60.0694580078125,0.60210909286257,78.495053554828,99.76507367166305,31.052528360098886,0,0.0,0.0,0.0,0.0,0,1.0526372720172317,OK,OK
2188,2188_C1,320.20132954691843,0.8778434169401146,False,contour_midpoint,False,OK,7.526092529296875,0.2232809445698043,32.57226277793016,33.7068286046416,12.586600451208263,0,0.0,0.0,0.0,0.0,0,1.0624718186783029,OK,OK
